istj,isfj,infj,intj,istp,isfp,infp,intp,estp,esfp,enfp,entp,estj,esfj,enfj,entj
dietcokefairy,plushieshoyru,abd0s,fawndovelizards,Nendys,peachesxkiss,RadTaiga,imbrotep,inuvein,Smithswife,nada-miauw,drbugbait,varikvalefor,Taegeukgi_,Draglx,48407744aa
gummybearinsides,Mert04,avocadosomething,SnooDingos1736,speedybikebmx,Reapu-san,thanksforyoursoul,Gh0stwhale,Idealizadoram,Peyotine,spreadingjoy03,Stev18FTW,kefiraaa28,Hiyamygenderisweird,BenBarker87,Chris_12_1050
sixpicas,kyngineer,mote0fdust,bgtkv_4,oh-noanyways,cathat12345,Gitzemuz,Absent_Tea,Onejkj,vhno,whatkindofgod,PanicAtThePhia,AsianBibleGirl11,thiccESFJ,Simisao,NinasFit
ratherbewithmycat,rakesh_ramu,Halfyuwu,uXXVII,Psychograph336,hoheshe,alltheskies,006ahmed,coolchic008,_spell__icup,TheRealLyo,Justin_the_Human,Captainmurica2,sunross12,DMmepicsofyourdog,Varun77777
iGuEs5,Aidan_Infinity,Electronic-Amount587,Cynical_Doggie,TruxicanSkagRider,Tygop---,LeBlancPages,0laser0,isntitstrangehow,WaspThing,ItsMeeThreee,Elket4te,ESTJerk,dm_me_kittens,Awriterwhoneedshelp,ENTJ--seeker
rypheros,trplclick,Destiny_Knight,evilmaker,GoldenMelonPan,Breakfast-Socks,CharlieDowncast,yourobedient_servant,Ortus8,symphonic_black,delajoo,Jout92,cockbaendiger,mayuki4846,DieMensch-Maschine,WaspThing
TayTayInABiscuit,MeshackAjax,katya006,julyfire100,DawnSunset,kneecapbuster,anxessed,Smitology,Rad_ical_,Loramurax,mrs_mxypltz,grizzlychickenwings,Durianpaw,Durianpaw,harfsnarf,SouL_3224
mcs0dium,Adds243,oppajhin,S_pline,getarounder,TwistedCitrus,sunconjunctpluto,okbuddy--,MindfulTuna,MistyPineapple,kittypoocaca,maxvun11,Dangerous-Distance44,momonetmo,Few_Locksmith_66233,the-ultimateuniverse
Jey-101,cartgladi8r,Valkyrie_Shinki,CourtBee12,edgy_boi_loves_cats,lovzars,Antisocialhufflepuff,propostor,xXusername84657Xx,merry_fig,onlycastlesburning87,sugglew,estj23,,janthefearless,Caaarrrlll-Sama
LeisureSuiteLarry,notsosocialbunny,Weird_Mood_6790,NIKADAKIN,DodgeHemi426,weebird20,caro_bp,DennysGuy,askandaskmore,DKSchar,uniyoone,PurgatoryResident,NeraizeI,,brownidegurl,gdvnks
twentylamp,spookycherryblossoms,sndwx,check5da,Sanity_King,Melatonin-overdose,SickPotatoe,mbelf,MrCabdyfloss,rainbowunicornss,TheSheepster_,what_did_i_do_wronge,Jumpingapplecar,,iam_inwonderland,ArtDecoBitch
NICHIJOU2411,emaciatedpoetry,Thisguy_2727,metasquared,darealHerge,Sahil_Agrawal,Ok-Surround4334,BreakfastTidePod,mylabidonomosquito,reinainoue,seraphim747,Blaze283,Redstarshard,,fine_myusername,DOG_BUTTHOLE
lord_of_the_memes98,catori_otsana,throwawayyyyx3,AureliaBastion,AtomicGPS,Fellremark,turtlemaddafakka,cc03m21,VEGANPAUL,philipe123,Rsps29,FewElevator4,SokMaiTick,,WediFlo,Hanyo_Hetalia
RussianPornDirector,cannellaaa,yameteyo,ChompingCucumber4,NotBased11,AColdEgg,AnewINFPGuy,spiralout1123,medopux,zaaaaaaaad,krizantemum,bssoup,an-estj,,Paesana,I3INARY_
Humaniz3,Edelweis-s,seii7,Superskish,lillibow,hol_la,OwnGiraffe2,FreedomNinja1776,ColumbusRumblus,lanadelreymegafan,forever-cha-young,FlyingSauropod,mugger_crocodile,,User_44444444,JohnyMSP
vgambit,littleviolet97,mswatsonv,vivvienne,-homosatan-,c_yer,Wabisabi_girl,Hardi_SMH,Il1ll,faenii,sand_inthe_hourglass,Not-Elon,davelid,,bananagravyonpizza,DeathToMediocrity
RegyptianStrut,summeree23,merae59,lennonsteeler,OGVainz,TullyPride,Siu_ming505,PikaPikaPlayZ,nyfilexs,hoshikomori,ahoian,yuritopia,rumakh_,,Frosty-Aardvark-5170,FloridaENTJ
Cersox,Tygruzz,feastsun,Ruffsraven,IdasMessenia,Dinaslabyrinth,hopeleous,aashirkhann,followurthirdeye,Fcuc,DietSpringDew,citizenofeurope,chucklyfun,,CircleBox2,Achilles_Kingdom
Fenzel,SindreFagerland,StargazingDandelion,adaptaBill,PrestoSpeed,Dragonman369,mise-en-garrde,niciaa,yalkinestp,Zachary0012,lexikinsbbq,Homestuck_Trash413,hi_im_kai101,,righteousblood,_tealwaves
Tewpy,wen_thing,introspectivepotado,undercoverintj,uptimex,chill1712,JuliaTheInsaneKid,thatsnunyourbusiness,Wretmans,SpeedLimitsSuck89,just-wondering98,RoaringCockroachMan,Steven1403,,Renondedju,montesitesi
gloomyrheumy,__LadyPi,dbo259,thewiz187,bellybuttonmykol98,sleepyjpg,Trifolium88,Xzanium4,slkramer,glitter4020,rainywriter,Miniman002,chochipmadness,,tsdakid,belligerently_kind
schwalias,SoKoKeks,MyBees,Abbasgol,itswhitewolf,orzbx,Thatssogabs,Blank_Cipher14,Angry_Cossacks,M20104RISEUP,ClassicDes,CoolGuyFromFlorida,Aaronz24,,jpgnicky,Kapalaka
Chandler_Bling_,teureg,Penguin-Guy,NeokratosRed,TeraSera,Aetherialistic,Affectionate-Tax4055,Complex_Zucchini_600,Kangaroo666,charcoalbreakfast,hylianriceig,PetarSoonTheGreat,Jsummer02,,MrEggcelent,1amongst_billions
shazbots,championhestu,FluffyDevil_,ThamThmith,speedytehscout,Alucard00777,Arette,MidnightSerpent,aegisbur,AlasDAcero,zarfot-7,ManDudeBoi,fsartori,,naynata,Mini_Toast6
Ilnurno,notyouravgcat,Substantial_Ranger93,QuadraQ,Someone_________,NotADoomer,Akik_Ethy,objective-space-22,titanwarrior223,HoneyBeeOpal,miaoxi,Karyo_Ten,CanYouFeelItNow,,lilschvitz,mfurkanatac
1485cy,ok-marie,Lamecx,CHAOTlC_SlMP,LydditeShells,SpeedwagonAF,UnoriginalName002,proper-noun,Burnedfresh,TheESFPWhoSucksAtSe,rabbits726,ladiabla12,Poropopper,,jessp2386,TheWololoWombat
justaporkbun,mxdnite,ycganeh,Revellier,JarOfPeachz,trplstarr,lorenasama,WeenieWielder,carlitititosmt,bunnyheat,OnCloudTen,PunkPhilosopher,kuroh10,,CG_blue,KingHoneyBear
bstevens23,El3mentary1,IdazzleandIstretch,AlexWalden,264creston,homestuckintraffic,BusinessJusticeWill,CharmeleonsDad,Vision-Arcana,emizii,amymonae,Calis86626,cosmicsnake37,,MurphyLolo,JotaEspig
B-Diggy,That_One_ISFJ,IndianChai,Basic_Force,Noav__,cantankerous4,upnext_falcor,CaptainShade666,hypurion,BumbledTheBees,anotherpurpledot,shiffyshiffy,guttoral,,TKPnotTKO,ItsAGeekGirl
Purplegalaxxy,prosciuttoad,1_pasta_1,chredit,33ducks,Trails26,singingsomber,cold_arms,STRATOSD,dampypamp,cashing_time,Rahman_samee_,arcangeljp85,,gardennerd2020,frenzy3
eatketchup,calliandra_,stefanb2511,bumblebottoms,zotiy4c,smileyperson7,noedbara,TheExceptionist,Oxyaxolotl,SplendidSayingRobot,AccordingPrompt2464,strengo_mengo,jean_guy_,,HalfPalm,ReminiscenceOf2020
purplesec8,wondererrr_,Sgt_Peppar,miyatakra,DamascusThief,Chocothorn,Sunbeamhoney,iBabTv,J-spy20s,MBTIthrowawayaccount,Dillonnyle,Frenchitwist,KarellenSolaris2,,recheckyourcaptcha,Loze1
k_raid,BlueEyesAnxiousMind,Skullmaggot,dkcinedkisn,Mundane_Bear_2114,miloradovic,CarbonDioxideFlush,Call_me_Penta,bgkgbck,VerkwanIsSailing,ManifestingMia,nihilisticbackslide,bossyestj,,twistedfatefate13,sumedhdshmkh
Semantic_Blot,Aya_ElFayoumi,WasianAthlete,aranwyn,Zeynax,munguba,Chemical-Lead-9877,LonelyGuitarBoy,godthegodlygod,ChiniBaba096,xhayleyquinnx,violet_ram,Just4RegularBloke,,mooyuip,square_pulse
gadelat,KamJao,FrayedMemories,sbowesuk,SirSco0ter,Freohr-Datia,buoyantreputation,JustAFilmDork,road_work_ahead_uhhh,dead-uris,bjwindow2thesoul,felsfels,paola-maldita,,LordSt4rki113r,Apple1284
eucatastrophe_0820,superange128,flipperdip12,snowlights,Myggdreper,xX_Random_Reddit_Xx,Raiders2242,AppletheGreat87,1sub_rosa,anneojones,Mable-Syrup,thatshitpostyguy,khadijb,,chiaramcr,charlie-kx
solivagant-shadow,hyggeliggg,introvertedtraveler2,taviSTakahashi,ArmzLDN,DinaFuckingSoul,Swan_Tales,IHaveWitnesses,Jamjamkabbam,x_spectrum,StainSp00ky,lastborncat,Miloslolz,,eunnixx,daring_innovator
MeowMixSong,UsefulExplorer,Juveaf,varg_sant,Bashlove91,ZyleronaMoon,Pleasant_Screen_1228,ShadowGames_,Ok_Syrup9549,TotalCritter,pornhubLARGESTFAN,thee_great_one,Cucag,,jaroftripod,Tahiyya_vixen
mlee001,JohnyNeutrin,EstivalEquinox,Impudimp,FerreiraSP_,KotzubueSailingClub,Sad_Deer13,pablo_fdez21,Bipainov,futuristiclown,Zr_Stealth,conlangvalues,orneryandirish,,sparklesandsmiles,arcqae
thefantasticpear,Nukia_,KlokasGang,--Shin--,WindBlowsRiverFlows,ovBrianna,rococo_beau,DRAGONSWIPER,mrcenterofdauniverse,aRedYoyoCalledRoman,cantstophere,BrainsOut_EU,StellaWatson,,tutlavie,luxenyxe
logicson,Martino_1447,Daldric,walrider2015,Pearl_krabs,chelicerae-aureus,MrMarshallBanana,gnisnaipoihte,milkthrower,Lickyostuff,universalpup,Shrek420666,TopazRose,,sniperwaffle5,Feeling-Middle-8537
Dsxm41780,berrysville,universeanditsflaws,Lucid_Thought_5,angelicalhoney,invisiblesharka,moon_nstars,PolarisRaven,NotBased11,octi_moon,Miketrout2015,lizzygrantz,Cavinb64,,Perkele17,cxoke
lvl39champion,Kat0513,Instinct1230,superiorhydration,Lyri3sh,passtheBOOF_,frothyonthelip,_Technium_,ApikalypseNow,xxxtentacioncel,Interesting_Dust2360,ToDmorNot,Accomplished-Bag7874,,emilybelle04,slowfjh
kaushiksam,amyaco,shinnik,gandalfswaggy,Ekewakaa,SetSailToTheStreets,YeetingIntoHorror,HyperdriveUK,SoftCaw,GoonsWitKush,erinavery13,sofluffylol,,,dxbat,FeelingClue7720
StellaWatson,Hcurab1234,SomeDumbGirl,irenss13,darklilly101,rainbow__blood,X_Holmgang,WaluigiSpagett,4Runner_Duck,sans_slacks,coolcatkim22,SopaDoMacaco,,,purpleblaze01,Worldly-Middle-5583
Lkns88,icyy-ravenn,CravenTheInsatiable,sedlaghs,haminwu,diminished_7th_,SacreligiousBoii,DarkBlueChameleon,iinic,joshuaclaassen,sluttychinesefood,applesinfrance,,,GiadaCasb,LogicalEmotion7
Albanath,jun_norway,alexalynnrogers,JarOfPeachz,Callous_Mat,etherealcharmander,ZamariKizya,emy_The_Muffin,pjcdp,mercaman,mento6,manasi_argade,,,correctglass,AmbitionControlPower
aaronjbaylis,fretless_enigma,bittersweet15,green-keys-3,okoyl3,Eiseck,Lionturtlekingdom,Malandirix,Accomplished_Gur_454,justshyof15,MochiiFace,bebopwannabe,,,Katbh,ezIO_84
a812531f,lycheehoneybun,eclectic_mind,SchrodingersDickhead,Filipegrilo97,JelloBaby99,Botisko,waitlang,JamieInsanity,ElisaFe-Nembhard,brianboozeled,Alphixo,,,YarrowFields,hydesteve
atom2209,Code_XCIV,galaxyuser,69bASSist,SToP_BotherIng_Pls,TSE_Jazz,Xee_DragonHeart,MAYHASo,Seannus,bermudaluv,THT1Individual,b1naryst0rm,,,Sterrest0f,pass_a_smile
HeadChefDom,chai_knees113,Zarlinosuke,peacemanner,nameunavailable777,anxietyreliefalt,schulzr2,AliceTheINTP,Roetnaer,starfuckeryy,babyhoneybear,JJC12138,,,slanett,angelnox88
jpedromccartney,Justanun,MayukhaM,LegendTheGreat17,Anomalousity,Vilsen_Kaktus,thesmellofrain-,gotimo,Wehrbundes,tessglasgow,_Shepard_Commander_,These_Pockets,,,da_real_rick,Davenis
dark__paradise,crackbaby13,ricohybrid,Reddennisit,-_-_-_-_-Ghost,11JBM,SubstandardDef,Ihavemyownpizzaoven,una_poca_de_graciia,Mokingbirdzz,BillyGirl2,Cynderelly,,,Eweue700,WTTiho
ckeene08,ahmedx2002,noctuar_y,InternetPotatoHead,iamcharl3s1,piercerson25,scotchandcoke1,President_of_Wakanda,Twili95,Occupying-Room,Frostedeyes,Sneaky_Yeet,,,HardCorwen,hazelnutgarcia
Edamame007,starrayz,fareorb,ThatNerdOverThere-,fuckcreepers,WoodpeckerNo1,Zebbzzz,suitg,CertifiedAIDsDonor,stonerbuns,Springolina,RaindropButtercup,,,MillionareMollusk,VanillaRose11
ayinayij,zaheko,pinksky19,Dwimm_SS,NovaHotspike,3MBComics,MissLestrange,Rhustish,thebananahotdog,GraiyggTheWererat,bebopwannabe,beer_right_back,,,p1x3lpush3r,mtns77
ElleHound,todd12344,kihnay,Scavineer,LOLandCIE,DZZ17,MarinDeParin,Picaronaut,Estp-bish,Grlygrl17,josski32,Midgrounds,,,Gusborto,cuccimaster69
SashaTheSlasher,imnotanamericanidiot,Klutzer_Munitions,deadflowers1,dcpifreak,haphazard_gardener,doometteowo,LupusInTenebris,estpenis,HeelTurn,redvioletta,kai-d0u,,,Andipandarae,Roast_ham
thegamer20001,Analetazanalo12,wendigouu,ternvall,heisenberg2520,messedupmermaid,JustSomeOof,Icy_Put_659,hamburger-helper6310,blikiwiz,Petrinella,JuniperOnTheHill,,,Minidrees,potatochipsareracist
out-cognito8,bruhbruhheh43,danadoll_95,DILF_enjoyer,OJUarmy,eyewave,SadTrapezoid,dugan_,yourgymbro01,Aethernex,tangymangelo,AppelsienELWI,,,Wanderinglurker1,4BlueLotus4
husky231,Squid_Lips,shockdrop00,sps133,Drayguziz,mkmike000,Lyra-Jade,l4cky,macaroniiscool,ahngayjin,procrastinatinq,Kitsuhide,,,NachoCheese001,theycallmejebus
inpleted,7400rpm,WillofIam,abhishekxix,funhose,unycorns,deniszim,Sir0reo,tnew12,Fain1,ExtensionSide8,cronoxious,,,Vertex008,baristo99
shtupty,Lithilia,Surane13,and_therewego,Luxb83,shostakhoevich,raihan-r-yates,DuteNait,Jenna_Rink30,deliciouswaffle,Tyuee,cubicghost,,,JayKusher,Arodnap10
nfluxgb,bragalotwill,Iheartirelia,Damzl_In_Distress,eyepacth,1904t,spent_upper_stage,Affectionate-Rain273,KumaOso,yeyeeye,Bananensft,10th-neon,,,ENFJfindingLight,ValuedPerserverance
Aysaram,hazelpeaches10,Dulapeep321,Thales42,topiarymoogle,Chaos92muffin,Mortal_poetics,HaplessHaita,Minute_Mode_14341,CaptainDNA,DetectiveArmyDoctor,pass_a_smile,,,Slavictymahhon,kissingmydeath
minimeowroar,Schrod1ngers_Cat,artakinom,andthatsitmark2,kopczak1995,edeanne,SpaceBoi01,miwadesu,nabllr,moonblast777,ChocolateScoop,greatoctober,,,Legitimate-Safe-7424,Ok_PriAnalysis
C2t2h,sakuraapril,dbcannon,SpinachBisque,ChimSwiv,SimplyNigh,AnnieTsukino,Leppur,throwaway43215789933,TheSkilletFreak,TexAg_18,Crayven90,,,planet_alhena,missclairedelune
sweatyparanoia,the_she_wolf,Clover10879,crimson69prism,Vyeking_18,horami,Forevah1987,TheOriginalEngineer,thatonekokichikinnie,HistorianBitter1874,Happy_Weirdo_Emma,akai_n,,,akchoco,roastedblackcoffee
Daseca,Which_Opportunity292,Prince-kay,InformalCriticism,StarWarsBoi51,PoncikHacker,samfranpo,Manan1_618,Kosijaner,Williamge,Sononaut,thegodofcringe231,,,SherbertBacon,Few_Detective_8105
spaceddoutt,sayovenue,Ailuros8833,Zeroshim,firegirl32,Apperceiver,ur_rad_dad,118arcane,functionmess,TKOmoosey,lobsterrclaw,-psychedelicvegan-,,,mindonthepath,N7Dean
Sir_Solrac,pilti92,davnnis2003,Bread_Avenger,birdygoob,tangible_animal,maddiebops,hacker255,springbreak2007,Hello-I-Am-Trash,azuoba,nerd_ofalltrades,,,You_can_call_me_Mat,10000x100
bexipex,bendyastrohoe,Woodsman1710,xXTeaCultureXx,barsoap,TxOxRxI,ScintillatingVibes,Lukasaur,aaammmm200,Horrorito,Weird_Inevitable_799,TheBlueMango01,,,hustlermvn,demostheneze
ChurroCart,sailorbunni,ecxperla,mrkruger2,dolchmesser,debaucherousdirector,CaptainAdventurous,pforpterosaur,okayval11,gracesaves21,cupidcrystals,TareqP,,,cjk2793,arkadiys
Poznavalec,manu_http,AlessioPlease,scioMors,ArchLurker_Chad,StarsetFire,doodoodood1,just_an_intp_,goldenlikedaylight9,ramenlovinmumma,snowstormmamba,ReDxFo,,,redpandoop,bunniesaurs
tragicstormz,Bjlott007,womanandwolf,madthescientist,Desender,E-X-P-A-N-D,TamaraPanda11,Ctrl-Ult-Delete,BilalZ123,panic-on-the-brain,PeachyJenjen,Plyad1,,,meghdeva,Lord_Kirillov
Commercial_Bar_9771,hwngkkt,bitchyswiftie,BigPapaReaper,pollygone300,xhannix,Cod_Certain,nandacamposv,flam13,Absolut1on,Amanwithashoe,yoshimi1999,,,Lady_Joker1,Extranuminary
Sisi121,voodoo_potato,Scarlet_chwan,bitchyswiftie,NewlsBetter,numerusunus1,rezilijencija,Shadowbanish,Kaali_,morigrl,_espoir,Shinkai01,,,gabirelia,kddn296
kerghan41,pink-sugar-berry,Goudevis,dontXDme,ohtoots,donkey1226,communistpotatoes,aprilapple8,Particular_Towel_265,Yvaika,campaigner1147,FlabPackedGamer,,,fitzypoop,WinterBluebird0901
lmBadAtUsernames,lt_brannigan,Dreamscape603,TheDaniel121,nosenseofdanger,NYPsychGeek,monkeyDberzerk,souraslime,temp14y3r,PuttingitaIIoutthere,Western_Purchase,iLoveLoFi,,,platokie,Guy_Rohvian
friendly_raccoon123,mr-checkers,xiithy,lingo1837,introverted_dude86,AintNoArtsyFartsy,Barnesandnoblecool1,JAndrew45,fraxtone,MujjeKat,cookie_justagirl,Pageh74,,,TeraSera,yaoifanatic101
moodprincesss,purrito_,romelpis1212,timelessgravity,KJax1776,Pudoo,denim_suspenders,not_from_frozen,Jjg172244,SirGiuseppe1234,zilbra,HolyGourdofJerusalem,,,sunsetskies_,makisfiancee
CoconutHamster,Tigey-,Cry_Wolff,etherealfeeling,nuublarg,traumatic_worth,KiFr89,DyreWild,thogdontcare,AshaThor,danthemanconcrete,clemensccr,,,MaximumSuffering,QuartzPuffyStar
DNI-,Oldbookstorecafe,julietwhiskey221,metalconker,tehslippery,RushJet1,ccmitch84,qjks,AceAnnihilator,Sharp-Spray,sweet_icedt,shahriar335,,,spoopy_gay,eastern_esther
iteps,Tjaak,BubblesAndSass,Damncoolusername,squaiff,lucas7236,TheHarami82,-Hapyap-,Throwaway_8580,jewellerylover_077,Suzicou,TachiLuiz,,,Crofty_girl,_dreamsofthedead_
Ciemny_Cygan,averagejosh,yourarchinfj,kitty_nirvana,ScarlettNoctem,yongkigi,elmartinezpl,Objective-Pattern-83,killbillvolume3,lilOctoPi3,kittenandkettlebells,whenuwandeath,,,ambrosales,machiavelliA7
wet__towel,susuwatarisg,LancasterTheCrusader,DuncSully,NER01112,Adamite63,begwurui,DanielTube7,Baculum-Deos,emanuelegay,Master_Bumblebee680,lunatictornado,,,yayoletsgo,SimonDisaster
Toaster_In_A_Tub,Sharpes_Sword,warlords203,drpines2212,my-cat-is-the-best,Emojiobsessor,alyssaoftheeast,IamTeePee,ImParryOtter,TechnicolorGothic,DarelMelanie,glorfindel379,,,Zealousideal-Sand284,Iamtheonlyho
MTM3157,mylifeisafairytale,demoCrates1,rotellam1,blink-or-else,Finding_my_Way96,Empirical_Engine,yps_fridge,spence100,,malevich92,TrickleJest,,,loullypopop,Londonliving99
seulrene0903,feisty1youare,TuffTitti,DarkestXStorm,LeeSnchz,anneojones,TheReasonSeeker,Rawc90,leatherconverse,,ENTPFP,SerafRhayn,,,tinytimellama,Alitheia24
Tigey-,UglySadMan,mentalbreakdownqueen,SV-1989,nobodys_gonnaknow,anxiety-rate747,hosespider,299792-458,creativelyriq,,daintyreader,PreparationOfEgg,,,hburkey,entj1408
bloobunnie,rock-enthusiast,Pineapples174,rochelle_orkany,Atlas_Dingo,Remote-Isopod,PippyStick,ShariaRyu,EScapedTheProcess,,Rognzna,nikpawzz,,,AmariGH,PersonalConnection
theblackvelvette,HelenEk7,empty-skies,KTVX94,shayaharon,dizylink,Alien_Chick,fart-journey,Lolrly123,,westerfly,Dellart,,,Few_Locksmith_662233,Odd_Act88
harsh_1904,Pizzaandpushups,saltystir,mapiti1501,Monkesaurus,CanWeGoSeeTheDinos,Mehrtelb,Shrenade514,Tastemyrainbow-,,jigggles,Beethoven3rh,,,OtterStan_420,peterjordxn
stark3000,Verndari,Vespera_Ravenclaw,ShauryaAW,elledixonn,lolacvt,BigCatsAreAwesome,zarazRatuszArsenal,ElisaFe-Nembhard,,so_yeah_basically,Bluecueball,,,uncommonprincess,ClockWatcher2
Yeorge,Cernius101,faultycarrots,Habitual2313,Karmatix_kiwi,sleepyberri,whatathrowawayacco,SilverLily248,MichelMitchelll,,WabashSon,atmosphyx,,,Poseidus11,mbe8819
Block12425,MingDelta,Lucky-Aerie4,threelayersofchinfat,DrWhoisOverRated,AzureLLL,Mexican00734,SilverKelpie,EntGuyHere,,ProudMornings,Delmar78,,,nickckelly,shanerose13
lepetitcrayon,Translator_Think,mootmoot1111,mattc3303,theasteroidblue,theohellxs,quietwaffle,miacreese,huangthrowli,,no_limit_pineapples,FatihSultanPortakal,,,barret_one,Johann__Liebert
WickedSon1001,permagrinfalcon,tinyglow,BrokkoliCat,Sielicja,yabai_konpeko,ericf505,Janusegg,ares4545,,Amoonlol,idkabettername,,,pchtzi,verbalrockss
vanqu1sh_,ethereallemonhead,third_and_lake,cubed-water,neiluj,AdventurousBoard5474,AlpineSummit,JDollXD,PeeFart68,,dezmes,Far_outDude,,,macaroniiscool,YoM8Mary
InbhirNis,mildlybasura,spero18_rn,SeigeDivyne,quillpapi,Royal_761,Amani208,Czar4k,AngelicBastard,,SpichEdits,iwillpetyourkitties,,,oceanatlas,okosnjacek
renahime_xx,farhnazf,mysterical_arts,Haku_Sama,Catsar121,ThanyaJK,BreathOfPepperAir,RockHumper25,Pauline___,,l251,_Shizue,,,VolcanicIron,maxwell8907
findingtheyut,thewinterlover,trillian____,KuteKitteh,bruhduck,confidelight,AlexanderRenzz,Ambargos,scrantonstrangler7,,hello513x,sarahz005,,,normabelka,Slegghorn
lioneaglegriffin,kloon8,LindseyRenaye,AshZuiter,nicoleferca,madzombie97,alekzc,Zephnik,drumwxpiaMN,,Morecowbell94,bellapippin,,,TonkatsuMakasu,Accomplished_Chef495
Odd-Particular5991,Foreign-Associate-71,mayandefs,joshbeck,Stev_582,GlacierChaos,PureHeart123,psychoschiz,DjSall,,Sgitch,Comfortable_Camel_48,,,bebiCami,TheCoderAndAvatar
tnoelart,Sync___,StarsightedEyes,mosneakerhead,Vixengoddess01,aloofsofty,googajub,Cymeak,Estp_madi,,serenitative,goodboy3245,,,Ureperfect_222,IloveSteveJobs
JellyButtters,lemon-ricotta,whiskyandfruitsnacks,gareththegeek,SklLL3T,fre_ii1,NerdPreet,makenna0501,adrianaie,,SweetGoldenKiwi,ChickenSoup84,,,Tony_fromCroatia,Benz_06
mgarcia96,empireScum,steel007,Lashay10,sawyerskywalker,JVL03,jlister888,kiinm,Accomplished_Cap6279,,AhmedRasool4444,Just_A_RandomOne,,,beachbreadbanana,ManoG2
Maia-98,SimplyPeculiar17,VulpixEevee,Nova_Energium,ricky_tan,springz8271,optimushwango,ZeroKDirl,FuckTheSooners,,patrick_a_star,IJustSetMyselfOnFire,,,Samarinhagamepray,KaoriSeavey
garnc,Letmestayinmylane,doubleccorn,incarnate1,Slartibartfastthe3rd,HappyGoPink,unraveledsouls,Mezzo_in_making,AtroxSepsis,,jo8edogawa,suncat08,,,Go_HariKM,Ahrlin4k
Tearoww,inbetweenwars,PlutoKangaroo,RoseCapone,oh_member_I_member,Lydilay,overwhelmed_empath,bill_blinton_,fuckedasaplant,,tallulahblue,Malon1,,,Amina160204,joedorseyjr
coldfeetbot,ferg0220,zayelion,Watiu11,ImpressionSpirited90,CrazyField,blueoreosandmilk,Jacksonofalltrades01,N1NSKO,,Lassinportland,ThreeEyez,,,disimplicableme,The_Lucky_Hooman
securitysix,Windrunner322,eeyore0,sparks7117,International-Fox127,Philosocat69,ushimi,Ragnahawki,Ifridos,,cloudgirl24,xlinsue,,,nfyilopsyndrome,profeserX
punk-warning,Trackneed,andrabesque,neilluminate,Federal-Ad1060,readingbetweenthelie,icysnow33,Confident_Lobster_68,Gimme_tuna,,SpaceQueenEarthling,believe_me_im_a_liar,,,WeFightTheBlues,acynicalwitch
fa1ryf0unta1n,Swaagziland,highlyanxiouspenguin,THE-Alphaa,bluejayflutter,alice-jem,Ok_Ladder9532,-keitaro-,DrEvIl1353,,hereforcontroversy,idestroythingsfora-,,,garlicfieri,rylee-m1
JudgementalWife,DifferentZen,iMoosker,mises2pieces,CheesecakeKnown3531,coolbeanscool2,RedPhant0m,CurrentlyUnavaliable,jasznur,,Anathanforsaken,camelzrider,,,vibratingwebs,Seventhplacerobots
hexleviosa,happyorange101,FrontLineFox20,AtomikNoize,keizzer,spacegirl01,FawningFermium,RLT144,Th3_Impersonator,,Hello_isitmeurlkn4,dragonoid296,,,HyperactiveGardener,magestik12
gogo0320,peach_01,exlunare,sacman701,GotoFlow,umeko_art,yunchla,hmhmmmmm,Yujir0Hanma,,Dr_Screwlittle,0x51N4,,,Braunsenburner,incredibilis_invicta
Rudem_Nodis,sibylelizabeth,z3x7,erniedesu,GreatestCalifornia,qua1ia,roseauraqz,Fulcrum180,sasguache,,connordo15,Ryan_da_weeb,,,DejaBlue030,Lion_Of_Iron2ndCo
RaxtusDragonMCPE,DWalk531,yaboijimbo123,Sensitive_Quail_3636,TheDerpyDisaster,peppaoni,JustSomeThrowmeaway,Danalynnex,boroszku,,PhiLocke,kailenedanae,,,daffodils11,DaintyDamnation
Blackdeath3101,laketso,KiefFiction,heysawbones,ssarutobi,CallMeBitterSweet,miss-laea,galanpiter,Khajiit_Has_Upvotes,,Agg_Riya,_t0b1t0d1E_,,,thisnightphyre,airsoftlover05
h8mayo,just-an-atom,trickyni,elphabathewicked,Key-Detective-5105,unit_x305,Franzi_In_A_Frenzy,Inner_Attitude,Neonicalle,,knottedcherries,portalspillage3,,,DancingAndrovski,Insolvable_Judo
bansheebubbles,giuliasays,AffablyAmiableAnimal,jread,evieo_oeve,NikoLT,ninak21,adityadesai790,Kryseon,,Skilfularcher,HermitViolet,,,Linalacouturier,blackswordsman6
Minjinju,tinksaysboo,alijafri5,Bobelle,ykl93,Del_March,milesmad,Limmerskit,God_Is_Dead_lol,,wild-runner,ninetyfiverskydiver,,,Jomppaz,melia8899
BrokeBeatScarred,jose_einarsson,WhiteWolfD4,raidedclusteranimd,JETBLACKPALADIN,cowgurlsmurf,dijei_xvii,sota_panna,FrozenUmbrella583,,sedonut___,lesliedub,,,_A_L_V_I_N_,Romantwunk
Yikaft,Muffin_Wolf,researcheresk,throw_away_smitten,Serendipic_Epiphany,hardyharmonica,-Miss_Information-,SmileWithMe__,Dukarnos1,,kylo_lou144,NoorRose,,,twicecutie,ari13x
sim006,Enotognav,taylorayo,flabinella,nightfire00,tsuchibones,gratefullydreaming,Sherbhy,jaysonnntann,,Zetsweezy,tumblerrjin,,,Internet_Aromatic,prism_s
ur2y_s4me,poolboywax,nisha_ka_nt,iamnotsyvenna,StudentLoans_,MaestroFullof,RetroOverload,Polarisu_san,ilovebiscuitm,,ElectricalRash,Ioseb_Besarionis,,,swandive987,Open_Money2800
JadeApocalypse,benjixiong,miracle_from_h3ll,INTJMasterMind27,Vissenkom133,screenwindow,Adelphia5780,ColonelClueless,Flitzy2008,,stageib,hummus69,,,Kida19,T0rquemada_
allowmoon,Abukenzie,ChoppedK,felltheblackwolf,problems67,Candizbereal,CriticalMoney,Iamexceptional,uncleruckus6,,soniascissorhands,KARMA_HARVESTER,,,valelulu,MissFiatLux
lvemealnplz,Hazel1002,gtrmtx,vopraktv,xodboxr,Snorlax5000,_terminallychill,You-sir-name,Macabre223,,Wisterune,Windows_Startup,,,aaaaaacheese,catsupremacy420
History_writer2,JBFFMel2,wolfanatic,gy704,flipdrew1,skywayfleex,merumisora,melonpan_gal,ahseun,,DanceEmbarrassed,liquid-handsoap,,,MrDogfort,ann_iei
jeonify,kjeezy0127,heftigwolf,NPPraxis,Canadian-Fucker,jexboo,osnapitzmy,Feeling_Promise2102,InSightfulBoi,,DaddysBathTime,alexanderblok,,,PINKPEG9,lockethehegemon7
_peachy__,cherryblosssom,lazy__in_heaven,OperatorERROR0919,MTM3157,Kapla5053,G-Minus,jostyouraveragejoe2,HeOfTheGoats,,TapDapper7620,herbbrute,,,FrostySpoon,leahmariepearson
vietnamese-bitch,Wildchandelure,mykashu,aiowaitre,ArtBaiMau,dorydoop,AdityaMishra314159,UnableAd376,sdawkminn,,bootymcbooty_,Inside9,,,Kenutella,vampirejessica
sunshine_barbie2,fortknoxd,Administratr,Benjamin_dinnerbone,SlightChris,Aspengrove66,Divulci,rikusp2002,cameramachines,,bbhsoo,No_Conversations,,,Whimsical_Tumbleweed,Uruzdottir
BaccatePlayerPL,GoodParj,honeeyden,dennis885,Serfas10,meyayo,Crystal_Charmer,samui218,TheWolfMuffin,,XenAlpha2020,RainFerret0,,,KurtCobainx,NonLoquiSedFacere8w7
Kaitlin6,lilyofthevalley211,sirafajicurab-27,Wevibewithtrees,mtd074,schmogle_jpg,Umbrechu_Girl,Sildine_7868,maykino,,softpluto,ENTP_9w1_Libra,,,devpyro,damassie_03
sama87,Brenin99,Marduk42902,astaraway,GalWithBoringUser,Dr_Polito,MrNatureGuy,__cream_ru,yonghwaya,,janedoeschmo2,trpnballs,,,kellydoll,REShockwave
Prize_Worried,accidentalfootball,allhopeisgone87,Mystery_Hat,ST4MK0S,Saibaman_Sam,derpti,sadmandarine,rally_here,,ASBHD,Hampen555,,,ProfessorShanks,No-Assistance-6499
adelinaxandreea,scootindog,Sequax1,ApocalypseNarwhal,strawbyry,leeuhhluv,wingbargreen,dpv20,tabithasmine,,MarkoGOLEM,Bunioconkerbonker,,,Anthonee00,retsef
Nanotribes,special-k-flo,Spicyylemonade,SheriffWoody69,rafal9ck,idkclydee,LostCreativity417,cml-99,whalesdiego,,Stargazingcoyote,Roankster,,,WuzatReit,martian-rabbit
h_solita,gbrl1,bi_bi_bi_20067,phineasforest,INeverTakeJudgment,Spiritprodigy,StatusYouth,ttoasterroven,captain_ohagen,,okieyerrrr,indigosunlightt,,,gregisasimp,gabbyisonreddit
greenteawaffles,hespera18,SlavaKarlson,EngAlkanan,peterbrownbyu,formerfineartist,Kothism,caparisme,SelfSlaughteringSoul,,enigmaticpixie,ranting80,,,altcloudjump,StyrTD
the_Demongod,Jusiun,papierdoll,potatohead657,CreatedInError,GollyFuckWillikers,birb56,SymbolOfHonor,presht_out,,mygodimatomato,kittentp,,,Aura-lore,H0riz0N79
Joel_The_Senate,sparrowcado,Uberhipster,kajiitl,ZachLeo1,TinyBusyBee,melegie,Lookin4SomeMemes,rasyd-xyd,,_lazypacific,fakecore,,,Ansaggar_007,m4jort0m
Woopeak,hleb86,Rietzangers_Revenge,Prestigious-Pea-505,Traditional_Prompt25,pusheenstoebeans,Alystar_Omalee,brute_force,daddycmoney,,si_vis_amari__ama,michael98118,,,warlord7107,tragedyisland28
redhead_aficionado,pixie-thicc,banana_ninja365,paperclip1213,Vye4king,RandomWe1rd0,agdudash33,sorena-_-kh,livelyfire4,,jeefer6,Auvernian,,,stressnuggets,vexingcurses
trueriptide,hvnsolos,ExcuseThisThrowaway0,sosmot,PyroAssassin573,Victinitotodilepro,FruitFetish,Cultur-Guy-OwO,MaximumBad4,,DemiGodNick,AnAngryMelon,,,zallina,CatOnCatCrime
chckycrk,Juhaz92,serBOOM,NikkiMcGeeks,Hiebrants,StrongEye1738,kammzammzmz,QMSZ,rightmeow6,,NotSoPerfect420,the_best_alt_69,,,The_Lizard_Wizard-,iusearchmyfriend
chuck2k,entrapdak,gardennerd2020,Linnun,ahmeeea,kiidan_,Wireable,purpiy,bariumprof,,GaryinZion,esuschrist,,,ispoileditright,trextra
RoyaleExtreme,Kindly_Eagle7046,Rymesakian,SteakandRake,bendadestroyer,Hiraeth_Alien,Username_Bond,ScarletHawk110,Mennims,,Carloverguy20,lickarmpitsforcash,,,Winuks,thatblueblowfish
Littleonesmind180,ISFJ-Defender,TranceChild,VGwritesalot,jerk-o,PassivePlayboy,Cowich,20Memeter,aeslusher,,fabi_wolfhard,The_Eye_o,,,Jyygge,tinicrystal
library_wench,WriteLetsDoThis,VioletThunderX,MrseCodeYT,Metrotextually,DippedinBronze,peacein-chaos,bubble6066,Darkyse,,C_a_r_l_J_u_n_g,Urlocalboke,,,claratlalcihuatl,VetGuy2022
truly_anonymis,Ursomrano,Ahmed3atef,V15UAL_K3YS,classillama16,Thunder_Mlee,wiwilwi,lordpenner,Tha09Sage,,Bredwh,ouijva,,,justyourfriendlyENFJ,-Avacyn
ktm6060,SlowEasyMornings,Ant-Security,RedEgg16,meridathebrave1,Desertlizardwizard,Harden-Is-A-Bum,Rubbishbinkun,rolphi,,myveryfirstreddit,Bye-Bye-Apple-Pie,,,mayonnaisekeynes,FlyingRuzzo
spi-uhhbrandon,nochill_girl,LazyLetoose,Previous_Duty2001,CeeTee400,antichrxst666,maisiemoor,Cappice,TheRyanator52,,pinksodas,gustavdp,,,mfnbiomedicallibrary,Ani-trash
bluemold_,mysticalone1,SnooGrapes8095,lucid-delight,heyohereiam,PerfumedMole,Fungus666,Typhoonfight1024,tinyleni,,iqnux,38mmfan,,,hephaestioi,gruia
Hockeygnome,Low-Nature-9316,Objective_Afternoon6,grimandgrisly,Lilywolf413,MarkaliciousS,armeliens,3Magic_Beans,tnf_swaggin,,Itbelikedat0101,RufusRonnie,,,Lazar1us,rockerfeller_1696
Bxsnia,sunzusunzusunzusunzu,TheDrWinston,edgy_alligator,lurkingredditor70,CupofAverageJoe,Roses_and_raindrops,arkhamsins,xyaxhane,,98PercentChimp,LunaBlaze59,,,JohnBrownsHolyGhost,Deviite
seekerlite,FloeJacco,RipPsyche,IamWeird1839,innsmouthhorror,Zambuc,sOmwhereElse,notmatterinspace,zahnpasta,,Abigailgomez22,judgeknot,,,digbickygrene20,Akira_Satoru
MatmajTHM,NoxShadow,xxxttttt,MrCarnality,Ariliam,friendlyflyer,GhostlyAlgernon378,kajiitl,tonofsticks,,lo0kAwA,Rekanlats,,,yuiezi,GoodHunter910
Crash927,jaws240,Comfortable_Intern57,Reyusuke,notsilica,fieryshootingstar,Phripheoniks,ChopinIsBest,curlykalexx,,TheOldTeen,yayoletsgo,,,RaindropYab,Rinoremover1
mayson_santos,joho_99,kelsycow,Biggus_____Dickus,peakyraccoon,Inciv13,BottomBabyGirl,Pelagius_III,ThiccSolution,,yooooouuuuuuuuu,le_artistic_madlad,,,GODZOLA_,wannabeahairbrush
WampaWithSocks,jopendle,NotAHumanMan,LearningMan,Moarakot,MarlinsML,alejwada,Yryakhrbybm,Amara020,,th_frits,RobinDBank_,,,iDrinkPolonium,mirashp
PeiskosPisces,ikki1505,BriarLogistics,ma7iam,crimelordofmoominvly,HayDereImPunny,Dark2meirl4no1irl,Cookie0329,champybaby,,dizylink,Cairenne,,,-_mbti_throwaway_-,ReverendPhilosopher
softcutepillowpet,Captain_Daria,Blerph0,eNiMaLx,savepoorbob,Acceptable_Language2,HoneyBouquet,succuma,ODYSS3EUS,,siralosuwu,Lastrevio,,,Op-Gunz,your_next_emperor
WalterBeauregard,rookfire95,Natashag04,StandardOilCompany,tabbypotamus,okaymountain,inertiamatter,IndigoRed126,VolatileOctopus,,wameyfamey,miaurorabc,,,greenlantyrrn,itiswr1tten
blizzardofroses,_TheCosmicCat_,Tasenova99,DoGooderMcDoogles,The_Cactus_Eagle,DoNottBotherme,EraveXK,eraikumo,eiffeltower23,,GVLVXYK1D,Voulty,,,RvnbckAstartez,TheOGJammies
angry_uwu,softlyriri,AoiNoSakura,KhergitKhanate,cperryoh,Debussydaydream,BobaMilkTea33,gordons_vodka_lillet,Mauser98k98,,geeshta,TheDesanter,,,tesseractive,blackm8mba
frozen_guava,kaylikayli,art_by_njb,SnakesOnAllThePlanes,heelermomma,jamiethemadlad,chairman_steel,Sethrandir,momoguri,,PotBelly100,laynepoliseno,,,tatifoxx,Sniperman9871
nvena,Traxus99,infjetson,schnellermeister,UnfairOrder,mrsoundstick,Pos3id0n22,McFrostee,kfilks,,remote_rpm,TheMagicWriter,,,crux75,lflemeee
leonoretta,Ashamed_Yam_9499,lightennight,CrimsonBottle,BebopColaGoood,Nykine,umportuguesmaluco,Ztrfx,wanjjiruu,,ExcitingFox4162,ENTPgemini,,,PrincessTeex,siegold
PragmaticPeripatetic,NebSmailliw_,turiskanona,Sad-Ambassador-5211,MagneticRinnegan,Raqueleyeltherat,foxberryroll,paraprose10i,i_got_that_fever,,stupidtmcbich,blackwolfLT7,,,Fruitoflifer,blahblahblahbro7425
18hundreds,rwarimaursus,Netrefix,damnguss,Youdarecallmefluffy,maddigotts,kaytlienn,CarbonClusterf,kmn19999,,my_holy_grail,Ellastase,,,samgctv,Madumyta
ElenaJ314,LilyDefender,careful-pomegranate5,pbrussay,colonel_adams,VioletFlorence,BookaneerXIII,despairdevourer,LouiseWarlock,,notooryous,SenorLemonsBackHair,,,IzzyDino,redditkeyf1122
wake-upmrwest,pipluptrips,nekokaeru,aetosgeek,Hoekage_03,pastelperplex,Bond16,_vayu,emanuelegay,,OldSoulRobertson,duckliving,,,loraliz,nobleghost
fingersinasugarbowl,NorthSpear,gloweringgoose,PhoenixAPN,LengthCapable2256,JeanWearsSocks,quiet_contrarian,well_this_sucks1,beckysbees,,airelien_,98herbsandspices,,,CurlyFries009,shael119
jean_bean,Majito_C,CR4N8ERRY,vedic1111,diamondpolish,edward_the_white,unexpectedkickin,BRTD_Double0Donut,MrCrabsInHisFeels,,notmanicpixiegirl,bamsket,,,The_2o02_GeEk,existential_animals
r1ckeh,variableIdentifier,kopfler,cetam,variousred,herewesleep,shineghost,AKnightAlone,CuniculusVincitOmnia,,k94ever,Leonardo-Rosati,,,CatsAndShades,marionm5
msmq,df1j8ui4w0w98djsowt2,_Cyrus_,Mister_Way,ComoSahDude,Janziu,Mario_B61,I-ate-your-pony,,,Jathaniel_Aim,Joe_ENTP,,,DanielJiha,Cutezacoatl
Psiphistikkated,tttekev,CrystalQuetzal,thektea,discolia,SonnyBeee,1213dogs,Aggravating_Slide_50,,,Sonorus_Silencio,StyrTD,,,Recuerdame20,Imwackstayoffcrack
TotallyRealFBIAgent,kcb3122,StayFrostyMMXVII,LimeifyTheHammerbot,Jonbb20,ShengIsADumbEgg,LarryHDGamer,mossy84,,,proudream,DoubleHelixAlchemist,,,Queen-of-meme,MorgensternXIII
Vunar,fluffiousa,clownsauce420,s4md4130,FateBreaker92,Pandresari,shurtugal_campos,Imbudilow,,,steppie_joy,wellskater9,,,linnygorahr,xoxo_joy
RebekkahTheBand,blushbunnyx,shesniper,thereisalightandit,YesILoveKPopandAnime,snape17,yayoletsgo,Croatian_girl2,,,Ok-Truck3164,reddinator1000,,,ghibli_frog,kingducasse
ldchcld,GuardianSFJ_W,bigbohemia,nxfxn,MonkeyRape,666slackerghost,Intelligent_Sail5597,BlueTiger1000,,,alexbitu19,amaya215,,,robotikhamster,BigBadAlpha101
Dannybuny,,red_herrings,Dangerous-Donald,keilabl,bearykat,14_Hiatus,Kl4wS,,,caffeineandentropy,Hadeslia,,,justapilotG2,Super-Ad9248
Noisegarden135,,onecrispyboye,vans-off-my-ceiling,ForeskinAnarchism,Lufs10,MeaninglessTexting,TheActualMemeGoddess,,,flipdisick,DraconFox,,,Shadowi_D68,yesimthatvalentine
-_bruh-_-moment_-,,1canmove1,RomeoandNutella,kellerae,NillaTye-Dye,Neamaw,Squidnarg,,,bluefingerbaby,Tyrant_Saint,,,roger1632,Cytra93
Nkmks,,mirmako,eggisfruit,hen_309,MHTT1997,Justcameforhelp,Uchigatan,,,Slitharia,A-StarDecrypted,,,Leo115a,commander_cosmic
Breadeater12,,huna-lildahk,Alartan,sitah,B_H_Carson,LosPantalonesLocos,suicidalsessions,,,hummingbird_mywill,philsmock,,,whatsername121,sympathyshot
FranciRoosters,,ChristheINFJ,WizerAce,mlobb39,Ajnaeyes,Armony_S,MissingFucks,,,roku77,ozmaone,,,legato71,sankakkeisankaku
mac_buff,,Irisandrose,Anen-o-me,cellblok69wlamp,ceruleanmoon7,Trying2GetBye,Decaying_Hero,,,Tray-Future-MD,FoxAsASly,,,PhasePrime,Europa-92
maazsid16,,stouttoad,Levi_Fanboy69,depressed_happiness,WhatTheSeal,Dovahkriid2,beanwithintentions,,,scrumptiousshlong,Fangzii,,,napier1192,Enriah
nyxtingale,,Nedda29,Cultural-Cantaloupe,RandomCookie1234,deadlift_til_idie,kristflex,LavandeC,,,grape1010,datroof666,,,SemperPieratus,JokJok_
arihannahh,,voxhound,rachelooloo,No_Arachnid_8984,redditreset86,Petarj5,kemptis,,,needlessbutter,earlhampton,,,Gayvro,disruptivellama
hooverist,,crazyrob24,ImmortalDawn666,nyfilexs,spanguole_for_all,MrPancake1234,Flotib,,,Bluesuno,Xiao-Yu,,,nt6177,Altin_Beg
Rawtoast24,,jademurasaki,daddybrucegotballs,SkulduggeryDude,unimpression,GlamGemini,PitukaAmethyst,,,fockinhellmate,Shadow_Hydra,,,MClaireAurore,JayneTheMastermind
smolackergay,,Vabezz,dame_truthwatcher,seth_x4,Gon-Free_css,vicsj,leona_p2p,,,HuedGradiation,a_whore_ig,,,madshmallow,akeswani
Madmole20,,tinepudu,Fredrik_UK,xMultiGamerX,SaltyCity_,Mork978,underw4ter_,,,brittanyjp20,5oupyCream,,,MCBHondaS2000,entj_thr0waway
ooobsesseddd,,sixpointedstar,intjnut,afquek999,Praveen7990,dernikolaus,WakBlack,,,love-pillars,UniversesWanderer,,,Silver_Dynamo,GerbearN
no-stupid-questions,,seraph2_2,Knatter,OooohYeaaahBaby,Jonajager1991,-Lilikit-,TooDumbForThisShit-,,,RealRegalBeagle,RashR,,,DevTheDummy,lawlietackerman
Sickbunni,,csy707,longsunny,anonymouspurveyor,morpyna,Kifudancer,foxymaxmac,,,labradotter,noisy_brat,,,yesilmontlukiz,FinalVacation2021
bilrobil,,Hexodu,slut4dopamine,LirahL,GLXC_AUS,Silvsice,Kehan10,,,rhapsody481,sanholo14,,,djpopsuds,-sapereaude
BroknTrust,,House-of-Suns,westofley,navetsl,SumoSamurottorSSPBCC,smolsammey,Prince-of-Rats,,,SargentSalty02,harveydangerouss,,,PotatoFarmer_44,lionlament
cbbage,,Just_A_Dandy_Lion,deepdivin247,Zazadawg,ThrowRA-DeadlyMouse,OhmMeGag,DougPudenda,,,jonesy346,curiousxntpwoman,,,g_wizard216,BlakeHood
WardCannon,,AlGrabIt,Dream_Chaser7,Vivid_379,DissolvedSpongeCake,AvidAddict777,YepThisIsDoggo,,,mvanvoorden,DumbBlonde94,,,Weak_Satisfaction_22,xGadgetHD
ilovepolthavemybabie,,SpecialUnitt,tittilating,Ryu_hanta,juxtacomposition,Baby_venomm,MoustacheDanger,,,samtheirongolem,whenthedont,,,CrispyBrian,CodenameMordecai
Flaccid_Shrimp,,rodrigoponto,MissInfer,GuLaggy,daniloonie,Bill_R94,Emotionless-Demigod,,,A_Copyrighted_Name,Lyverio,,,avocado12321,JadedIsTheNewBlack
DarthHoover,,wither_potato,Kit_AR,melissee,Karen_Blixen,blackswany,kakelikuu1,,,celery_drumStick,fckwhatamidoinghere,,,MixuTheWhatever,New_Age_MalcomX
ultimateyikes,,HaydenArts,intjaf,GenerationMeat,puntahak,DiamondsInNeptune,xbirch_penguin556,,,cordoba172,AuroraArcana,,,Red_Blue_One_Two,ambitious_chick
ClaireCrumbcake,,BornOnNeptune,SebGM2017,-LexXi-,idontwritepoetry,thinkerwolf,ThaumielVII,,,pimpingonwelfare,Xiphos_Tau,,,simplyenfj,MellowTugboat
professorpoplar,,airimagdalene,BlackPorcelainDoll,Wispborne,Doireallyneedaurl,hits_frikkin_blunt,_beyondbirthday,,,HRCourt,Flitsieke,,,LightFury_28,briannapham
RocketManMycroft,,kermit_uwu,Aemnas,beachybrunette,jabruck,cnvh,aregularusername73,,,Smoothy_,mak42,,,SylexSirius,Deerhoof_Fan
petite_pear,,Lucidity-,yeiiowest,mexicanbeanfarm-istp,potatoprosthetic,cykie,paputsza,,,mlgskrub420,Tasty_Skin,,,sexyhotpenguin,mordin1428
tacticalrd,,hopemoom,AiwiaGF,Bavish09_,9741804,mthm420,flippenheck,,,StoicallyManic,Play4U__,,,clndphn,tamok
,,peterlongc,Severet,whatsappennin,LightBlueOctoBaby,TheBadger40,devagrawal09,,,kupi_k02,madlad747,,,PoetOfSeagulls,aidanida
,,educational-owl-8,miketbrand0,WhtFata,Picklemetimber15,ASuperDuperSaiyan,usuratonkachi648,,,boteoj21,CookiesAndCremation,,,BadCommentsBelow,Riolu_7
,,Kianna9,ymk63,ace000_,PurpleVein,keatsvevo,raccoonberry,,,existentialthinker,TheScraft69,,,sonoallie,Successful_Flower_70
,,CrystalMoose337,vinitblizzard,obtainboard,Night_Explosion,Rebel_Scum59,Weekly-Researcher-73,,,gpudriver,valearthur,,,SmolCinnamonRolll,SportulaSaucia
,,Luvystar,shady_ostrich,notalwayscapslock,adaptlikethat,EverMovingConstant,adr58,,,bram99top,Darkhentaint,,,Gandhi_I_The_Nuclear,epic-napkin
,,ToniMCP109,TrigenicKin,Finnbarl,glamatovic,prettyhair123,DemonicGamer7,,,Ace_lizard,BlackPube,,,frexology,RestlessAmbition
,,Kalinali,hentaihaven6999,an_ordinarymachine,thatcatscoat,SmityWJagermanJensen,Kit_AR,,,ImpatientWildCheetah,SvenXavierAlexander,,,keribou,Abestergram
,,Ranger2842,jennxsasha,AlphaJulietEcho,,LizzyTalking,zombie522,,,kakalar,Mlikesblue,,,Starstreak24,Spencer2091
,,MunificentManatee,Shyraz_,That-Airline5025,,thejadedmoon,Quzary,,,Parojin,RACCOON_GOD_OF_CHAOS,,,Fatness_Nevereats,jwill1997
,,glub_glub,otter_pope,Adiga_115,,anisegarden,Imwaymoreflythanyou,,,CookieDragonX,ApplesAreGood1312,,,TabooSchitt,fighting_falcon
,,saviniravioli,MrFlaneur17,JayMeadows,,Indian_FireFly,punkeena,,,alligatorprincess007,rayesben,,,paranoidgiraffe,Benma24
,,SecretServlet,SilhouetteAngyl,Osiokoye05,,Maharlika-Pilipinas,pjcdp,,,truthfulshoes,Elizadevere,,,Soul_Is_Life,localramenconsumer
,,AureusD,redbeanbuddy,LibertarianSnek,,Kurosaki_Dan,mudakonodiodawry,,,thewilk_man,JonesWriting,,,ProducedByFlare,Verrrry
,,xValkyx,Kaiserspeck3,ColdOxygen,,SaturnInfinity,Bye-Bye-Apple-Pie,,,benod323,LoudCloudLady,,,TheMajesticLamp,hossein4527
,,PoeticJusticeFly,thelastjeka,mitsomil,,leifyfae,ughhwng,,,billies97,Quantum_Quentin,,,Bantakeet,moonbani
,,CarriedKeegs,vcczs,zaynmaliksfuturewife,,gucciorisa,aerisea,,,Love-You3000,EiketsuXI,,,Anjodu,Paulinho5
,,Foo1y_Coo1y,MoosieGoldberg,Xx_k4ng4r00_xX,,alluvium_fire,ObserveNotLook,,,sp0rdiac,Mr_Fox_person,,,Pokenaval,Furiawarrior60
,,fairlygreen,CrowBS,sensorcensor69,,JessCostanza1507,kaimoka,,,Legitimate_Falcon982,C-Roof-Jumper,,,Timmayyyyyyy,bagel_queen
,,SwitchToDecaf,aghostowngothic,Alightsole,,Cheeseason,pastaonashelf,,,minus61,ElReyDharmas,,,Baby_Ellis62,Lamamalin
,,TheSpeedyTurdle,intjmom,MaybeZenith,,kfc-account,chernobylman69,,,KingHarlam,SquareForce09,,,missjennamer,BlackFire68
,,Squeezycakes17,Heflar,Cam1947,,Dazed_Poptart,PreviouslyStupid,,,KoalaMizha,Adibkahatt11,,,phatdoobz,talksheep
,,jeszkar,MrINTJ22,elochai98,,Nifty_J,thepocketdialgiveth,,,JaiyaPapaya,iEatAssAndCookies,,,emasornot,engineer_whizz
,,Lifer31,cipher_unsolved,Zealousideal_Mix_629,,BasicAd,QH84,,,Useful_Mix697,szorny_az_agy_alatt,,,lil_big_chief,nvrmnd85
,,Eternal_Destiny,comely_homely,SKENDRIK_PUGON,,StunningOctopus,laziixios,,,MountainLine,furbz1,,,sunflowerthelight,notafanof123
,,lilac_ocean,Raptophile,black_gravity27,,Rasphoril,Burin_Birch,,,BoltBuck,chateaumammoth,,,vynzilla,Hiroben
,,INFJPRATHAM,0fox2gv,FacetiousLayman,,burjalmagic,puzzled_Ad5911,,,adventureswithmaryy,wep_pilot,,,Ch3rryr1pe,Longjumping-Door7314
,,Faggonidas,TheButter_Lord,Nnstpr,,bigsaladeater,denver_rose,,,kellylovesdisney,Shacrow,,,Banging-my-bang,WildBrain3
,,fennecoon,AyeAyeAdorable,GWA1994,,wailing_banshee,Enter_the_Gecko,,,bolognakisses,QueenintheClouds,,,BlinkySky,N1NSKO
,,Pidjesus,MeerS4,damagedvectors,,Potato-Salad_,Ascyt,,,Humble-Technology-35,GloryHolerRepairman,,,,UhEhtan
,,leafcat9,clp_lemonade,JennaMizusawa131,,acrylicbrain,RedddditXD,,,ResurrectedTimelord,ForeverFallsApart,,,,atlaswhite
,,madramuh,QueenOfNights,thehwitam,,VitaminZebra,SCP_049_BiSh,,,6lime,velvetdrips,,,,Mantvisxxl
,,Lola-Tulkin,ironyofferer,lithiumjs,,isnowyazn,KiaraEtsuko,,,ThinkInPink18,BeriWanKenobi,,,,Xiaran-
,,lydiii,Naquarius1234,Emperpr_Cameron,,sunearthh,Prof_erez,,,ssj3_god,musicmn22,,,,Brock-Ibarra
,,nekdepp,convoqueasy,slamy420,,peapa123,MTM3157,,,MrsNorrisThecatt,widjitt,,,,augmentedpersonality
,,AJking101,autumn_em,HiBaLaHi,,AwesomeMcoolname,gillianritchey,,,consensualspag,froxness,,,,AloneKalashnikov
,,TreeOfWolf,Subject_Beef,Soft_Ratio5913,,chikatokika,Jokkemursu,,,aioao,KingOfRabbbits,,,,tsukiyo_
,,Rj17141,DisastrousSundae,mrman1125,,Antilazuli,steliofuckingkontos,,,Pitiful-Coach-103,sewnhtet,,,,MinionMD
,,EmilySoda,imscrapingshitstains,SixthSonatine,,JoeKingK,armedwithmusic,,,Perivale,Powerful_Memer,,,,AlykSkylaAgain
,,FeedTheMEe,DarkAfterDawn,hxhisbetterthanop,,rynniik,veritosophy,,,loathsome-tea,ken-Z-,,,,Cantaloupe_Cautious
,,GalateaoftheSpheres,maxdps_,GD-Pepop,,fhp0223,prometheus_x,,,Lizachatri1,ShcruteFarms,,,,Reham249
,,fookinpikey,TrickGrand,muffincat8915,,truthfulshoes,HiIAmAGenius,,,Diamondwind99,stonedbuck,,,,Wowow27
,,Tuimel,IcaroRibeiro,Recent_Ad_2183,,merrickal,desolation999,,,fredochan,02poppy,,,,volscians
,,Wppf,baddabingbaddabam,lumin298,,ScratchBomb,Vork---M,,,_Cirie_,MoonsOutGoonzOut,,,,perfectlypeppered
,,nastyspeaker,prismaticfate,OneThee,,cmatt8323,ace-up-your-sleeve,,,harleypink,smelliexz,,,,TheSilenceofShadows
,,starli29,Mad_Actuary,jonnyhatesthesun,,orisit_,pls-more-balance,,,tapangco,permaro,,,,anddxeng
,,petitebodyjournal,NunuG0ddess,alpiliyanies,,winternightrise,jack-K-,,,Rhazelle,cactus_boy_,,,,pnutbutta4me
,,beatnikbingo,crazyrediamond,HarryMavashiBrown,,floorphilosopher,alst5,,,freakingfrogs,EIIendigWichtje,,,,ChiefQueef-98
,,DougTheBrownieHunter,Kalicolocts,CleanDevelopment,,MykeGRB,ultimitchow,,,kichukdave,CorporalAnxiety,,,,RealTrouble8259
,,WittyBangalan,Zenniverse,milds3xuals3asoning,,WaldoWired,Irene088,,,maxzym,BigTittyJoel,,,,FlexBabe
,,bambliguk,GaibuKey,nxtfunny,,lochnessica25,Alphatreus,,,NintendoLasagna,Haorelian,,,,Chillforlife
,,toechter-aus-elysium,fromkentucky,dystopian_decoy,,Axelamira,KoKoboto,,,Steved10,MeteorRed,,,,Spongky
,,allthewaywithamyk,Lilaer,bro-miester,,Blackzerg33,DatGuard,,,Flower_Cotton,deathmetalfroggf,,,,Kapociute_
,,AngelRose27,The_Oracle_of_Delphi,cr3wslvt,,samve_000,IevaQwQ,,,titan_slayer64,IICHKO,,,,Sayonarabroski
,,artic11,Celiuu,melodiyas_,,cityH2O,Lewistrick,,,DooMmightyBison,Shawayze,,,,562663
,,SilentSword04,yohomatey,realPancham,,Obligated_,spirosramon12,,,wildfiregypsy,zekkaa,,,,kykyelric
,,LeiasART,meanmagpie,zuqwaylh,,BoysenberryHefty6136,xqill,,,Picklegoddess,RallyX26,,,,Dutchess_of_Dimples
,,visionaryrealist,BatGoBoom,voodliedood,,ChibiChick25,DrMaxPaleo,,,who-am-i-but-a-meme,RubixCubeXD,,,,choleric-koala
,,serenesam,spolarium,HerbalBubble,,BlissTh3Lioness,MasterLuke69,,,ChildishBonVonnegut,detachedsweater,,,,darkgigolo
,,Hazelnut2202,Duck-Nuts,Harman26,,scootasideboys,zigbigadorlou,,,LateAd4855,Aquiella1209,,,,bluluf
,,RoundEarth-is-real,Bowling_Cabbages,teaneedz,,anotherent,AnaBanana6,,,Daisy716,Tasty-Beer,,,,tortilinii
,,Rhododendronh,ShayKitt,310048,,StarlightSailor1,Nussy5,,,finelinexcherry,chaotic-optimist,,,,Bolle27
,,fluffypinecone,MintIceCreamPlease,Jackfille1,,Demiluxy,poogaze,,,sayiwontrockbobosuka,Tomas_MP,,,,sindarins
,,OishiiYum,notvithechemist,xDISKORDx,,FailureLink,PartyLikeIts69BC,,,Lilo-Riro,Cosmic_Prisoner,,,,ConsiderGrave
,,riginal,VivamusUtCarpeDiem,Bumble-and-Hops,,accounthoarder,Jaya_shanka,,,themoosehasspoken,DragonFireDon,,,,ccpmaple
,,PeriAntoinette,sudointj,DillSS,,7teengirl,sim0n18o4,,,hammerkat605,LeprechaunsKilledJFK,,,,Dilpreet04
,,bluegrilledcheese,claripelx,Unmanic,,theGhost_420,kermkerms,,,-_psyduck_-,TheSarcasticKitten,,,,Ridagstran
,,BL0CKING,Tea_Grand,rottingpotatoes,,WoofJess,Commie-Procyon-lotor,,,YourLocalIdealist,JackTheBlackRipper,,,,Netechma
,,PalatialCheddar,another-reddit-user2,ClaTechShooter,,dxiiv,Rinzler_l,,,Lyly_the_weirdo,DestinyReign,,,,aerophy000
,,solidwhetstone,cubl,Steve-Losolo,,lamloe,Timbukchiu,,,MlNdHacK3r,Claviacus,,,,LoseSmallMind
,,alex-___-,lluviax,haniboinen,,StefanieeB,Kevin114d,,,nutellapersonified,serina_mc,,,,almostrunning
,,MrsTaterHead,batattack_,calimero100582,,i_am_abluewhale,phanTomboy5,,,crunxi,ketmonkey420,,,,narcissusintheflesh
,,Odetoravens,__ludo__,Karvast,,plshelp1people,junk_mail_haver,,,flyNNhigh,dabisnotded,,,,_UnderscoreFresh
,,BSchultz_42,recover__password,Kestrel_Games,,dreamy_child,HunterIV4,,,kathytee821,ExwPeriodo,,,,simonthepieman69
,,chasingthejames,Matt_shrine,Amartist19,,Free-_-thinker,Lordeblader,,,jessicola14,Under_Lock,,,,who-tookxmy-username
,,JediMemeLord,acid_bear_boy,Busy-Item4544,,JambiChick,For_KL,,,IveeLaChatte,JaggedOwl,,,,raspberrih
,,garglingfrog,UrMyTypeApp,Secluded_Ghastly,,OwlToastie,dalia-intp,,,no_name_randomperson,Alvanez,,,,reddit12001
,,TheDedexys,valeriesanchezv,ImTheAlphaUnicorn,,Tezor17854,swordflay115,,,passionberryy,Jayzswhiteguilt,,,,flinterpouch
,,danalturaifi,HazielUwO,Willbo,,van_gabs,ZanlanOnReddit,,,hugoyam,RecoveryIsGoals,,,,nolimit24
,,DontKnowWhatToDoGuy1,GunMetalGray00,EmptyEntertainment8,,CaptainOrochimaru,reiddit2104,,,aaron_thevirgin,BlueSkyMage,,,,Alireza_Morgan
,,meowsawelsa,Gadshill,Will-Barnes,,UnbearableSam,Free_Replies,,,basurad00d,xplorer6819,,,,MoDrawsThings
,,No-Relative-7751,MrMayor1,BrosenkranzKeef,,Ziq_is_here,waitingforthemeteor,,,JT_thebrat_LaRoux,shawnkeo,,,,00101011
,,amesbug47,badpunforyoursmile,choccy_milk653,,analyticalinfp,ciaomoose,,,EasterBunnyBud,Lord-of-all-darkness,,,,actzoph
,,strange-her,anomaly023,CriticalAcc1aim,,not-too-cynical,mafaldahopkirk23,,,Dexterity99,lurcles,,,,Not_Cubicon
,,chronoscats,jaestai,PhDdegreeBurn,,heartinsideajar,mlkcndy,,,Esoteric_Echo,edkgh,,,,LeDaften
,,thingsjusthappened,Belial0909,livinginahologram,,KONOCHO,Trou_Survivor,,,oligodendrocytes,ErinaceousPorcupine,,,,Mehisfefe
,,Legiyon54,NicolasTausch,Not_really_Spartacus,,monsieurmonsta,Iminnocentdontkillme,,,Sabrinarock,Lanier2000,,,,raf1997
,,expectohallows,camelCasedUser,JLPM12349,,Grumpylilcat,thewhamZ,,,JimmyProDuy,Hypnosisgriff,,,,shin_noodles
,,Special-Avocado-7072,PerceptionFar6336,RobintreeMSP,,Eye_Enough_Pea,liljulichan,,,bubbub3,Mitty305,,,,teddybearcommander
,,dialbo92,3kindsofsalt,SovieyBorzo,,ViolettVixen,FireWolf15G8,,,luisa97m,OilyPeanutMan,,,,Immodestus
,,ududhdhdhdhdhd,Roaming_Dinosaur,Problems-Solved,,MisterMiracle7,cunt-sack,,,nina1288,Borfotron,,,,Avilva
,,spacehiphopnerd,Hector_Martinez04,Your_Smiling,,Theotherocketman,asocialite5,,,DarkSorceress_007,YourDailyModerator,,,,patheticsoapsoup
,,swee-tii,17theKid,7CaloriesPerLays,,MyStrongBird,friskyjini,,,WhySoStan,VictorHM99,,,,CaptainPoldark
,,Maidenfine,Noferrah,throwaway3n1p,,BawSimona,Undying4n42k1,,,ampaloue,SuperTigerShark,,,,heresthemotherftea
,,youarefarknee,epiphany-152,s3to,,kylojrenh,psyne,,,billgain,Shankar_0,,,,Panda_Pineapple
,,hi_its_lizzy616,PinnacleOfTrash,greenlemon777,,EwokGodfather,khswart,,,sun_tzu122,gregorydelphily,,,,DistrictDry2021
,,UglyShtBox,chesskamidere,off_brand_white_wolf,,branka7,bigtiddygothicboi,,,DitadorCorno,Splicer01,,,,impetius
,,mutantsloth,ItsLudio,grasnik,,melonWaterr,manzano100,,,Mokingbirdzz,ErraticPragmatic,,,,meaniebeanie97
,,LastPawnStanding,PoncesMom,noturguy_buddy,,Lorrent94,Starfire70,,,magical-chihuahua,justforscrollin,,,,arkangel329
,,Papa-Bates,ItwardSenpai,Maxwell____,,size_q,uHazel,,,lollitakey,ntnl,,,,Stemwinder30
,,marionins,EsciSpectre,Deadened-Eggo,,kingsarah_,viktor_novikunt,,,misssswillis,Tributekingdom,,,,Jeldreen
,,SybrandWoud,Feeling_Significance,seqingnicole,,-Surma-,DylDog_69,,,kittykat9O,wigi1,,,,spacecoyote164
,,lkjdsafhgh,that_heavy_love,Sullyh_,,peonygirl25,RelayerIF,,,mde132,Traditional-Ad-9001,,,,divyamgautam13
,,mirandanielcz,bribablewithcookies,Flottvest,,drolland,Uozerl,,,Real_Life_Shire,jakesemantic,,,,Fixixi
,,Juul1209,AppropriateThreat,ZebiNiyakBouzeb,,nachoboi9,Managicall,,,HUMAN-UNIT,DeathDiety,,,,WritewayHome
,,galacticshuriken,JustAnEarther,l1ttl3s1st3r,,Tinths,TheOddYehudi919,,,austinofthewall,isaidnolettuce,,,,pepperonidad
,,presiree,DannyK1965,niaowl,,4Matts7,Zackblast16,,,danisland,Emmatrom,,,,kinglion5002
,,Meluvis,WriteMeBrah,warthog_22,,quitealotofbooty,subjectnumberx,,,flamboyent001,meonu,,,,Extreme-Boysenberry
,,DivineFalchion,ghsatpute,brrrrpopop,,mitzymango,kastru,,,TimeCadet,Nymareg,,,,SpiritoftheSands
,,Livid_Wolf_5548,-Nonetheless-,mel1jaeger,,lavendersunshxne,ChildofChaos,,,North_Rip,Durum-mix-halfpikant,,,,Brazilian_Eagle237
,,Zetke,UnreformedExpertness,SUPERUNKNOWN_78,,Jedi-Master-Jacob,NekuJee,,,-Boethius-,lemoonpai,,,,not-nice
,,khayavos,Grieftex,NatoBoram,,CivilBindle,ACEDT,,,MissApprehended,Fantastic-Queen1,,,,LecLurc15
,,directcone,Matovie,relaxitshawk,,ConnorJMiner,spiderbroj123,,,DredPieRetRobHurts,tHeKnIfe03,,,,hunter_greyjoy
,,viixviixcviii,ShinyMewtwo31,wonder_wolfie,,granolacomqueijo,shoobeedoobeedoowa,,,Gabbo-,KGOD18,,,,cptahb
,,electric_bro,FcoLucero,vasiliy_the_cat,,jigglyjieun,orphansock,,,courrige,barelyresponsive,,,,venox3def
,,SmittenLittleKitten,sherblovestheganja,Hanna_the_Fox,,OO-EE,jaicooo,,,alexius339,subterr4nean,,,,toobusydrawingmanga
,,IllusiveNature,samuraintj,secretdemon101,,kuronekoyk,HailenAnarchy,,,marumaruuu,OshuSupreme,,,,Zackydom
,,heyitssezzy,FairInvestigator,ArticAssassin44,,doingamazingsweety,brinkofwarz,,,pohahoq,Hviterev,,,,HngryHngryHippy
,,Ekseld,firefly_11_s,fanchiuho,,DripsOnAnalogs,Daegzy,,,afineafternoontodie,RepresentativeOk6414,,,,daddyzgirl1
,,yellow-rain-coat,sunrisexscenery,Bluebuue,,MountainFudge,SeawyZorensun,,,doktorphun,sleeplessinsuga,,,,NamedMyTaco
,,shawanjunk,wayfaringnonsense,Fahrenheit130,,StatisticaIIyAverage,ElijahWoodIsNeat,,,pakipunk,keiracookie18,,,,bball21steve
,,Re-Zun,Intj12345667890,epiphany177,,MarleyMcGnarley,page-2-google-search,,,sluggernaut,QuantumPhyZ,,,,theowest
,,Fleepwn,mbtisamurai,bethlehemcrane,,sidarin99,Skayalily,,,EmoGirlHours,porknsheep,,,,QuartzTitan
,,Erebus5978,artisanrox,Acrobatic-Base6599,,SleeplessPopTart,CoKorum,,,Musasmelody,Sad-Individual685,,,,entj-all-day
,,euphony618,kingtord,CSharp_77,,AnnikaBrandow,BrownieK113,,,waltreeky,horriblehans,,,,althebro
,,devilish95,TheBenevolentTitan,landfill_400,,MeltemBriseis,LaV-Man,,,indygoblue,gigaparseec,,,,eliterun
,,LindaBitz,Intj8w7300iq,BluesMaster69,,styjoy,oughb,,,sashablue13,Powerful_Ad2711,,,,Dramatic_Travel6826
,,Ransacky,Neuromancy_,UnderSampled,,mishshoe,MaYmunCEKSIN55,,,mrxknown69,StrongMulberry5,,,,Aussieboy111
,,celestialfantasm,noahisthefuture,sensuallyprimitive,,EddyFArt,Benthranan,,,aaalllen,smellyblowjob,,,,Kiwibreath_Art
,,KnowSelfProductions,BrendaBeeblebrox,Porky-8675309,,With_The_Ghosts,stoopidinfj,,,finishedbussiness223,IwieldLightning,,,,oreonoob764
,,empiricaltheorist,seskabur,solidsalmon,,sucksqueesebangpuke,AlexVRI,,,Watermelonna,theiwish,,,,psychologicalbully
,,darkmarox,anon44567890,whuyd090,,chillicheesethighs,M00d_Sw1ng,,,ybreddit,12chrismi,,,,WattpadhateAccount
,,inesvdw,adil6350,Ertyn,,fuckinginfp,LaSONOFel,,,gilbertthebear,image-xx,,,,nathanchang5638
,,Deinonychus_A,PetterDang,Roadcase27,,jeant89,the-charm-quark,,,tomwspencer,simbe12390,,,,EvilPeppermintHelix
,,CKEden,Hagar-,fuckyouifyouknowme,,runiq,Scrillo175,,,deadasscrouton,1Zer0Her0,,,,stubbornasfuckNL
,,boxyram,ThrowawayNSFW1000,LtCosmo,,gia412113,fatasianpanda,,,neonmeow,Ascamaru,,,,PohaniPatlidzan
,,Merui-,Jaevelklein,Bo_66,,osfra,intphilosophy,,,RanvieZ,uhhhokaykara,,,,Drak0n1
,,seriouspotato15,ConnorFindley1,genshinfantasy7,,Marojack52,mecha_nism,,,Firefly128,justmeallalong,,,,adarre9
,,Facavebdjebs,SinichiFx,Breezeshadow176,,rugwgtwk,haha_idk,,,AuntieViolet,thisisbojack,,,,Xianlouisblack
,,beasteduh,Nabas97,ZeusZorn,,coffee_and_flowers,AbsolutePepega67,,,misterswho,amaizeng,,,,FixLoose
,,Asx32,ascendence,Fuzakenna_,,iamtheultimateshoe,m_sinny,,,nathanfielderfan172,Hitsu_Garcia,,,,Atys101
,,Jeffismynameok,sleepyspacefox,angelikalb,,Jess001025,Eyekosaeder,,,Vampyrince,AliceYue070824,,,,The_Rogue_Chinchilla
,,hope9050,Axolotlvadorbs,ThinkandThinkhard,,just_A_human_3,Abdalrahman12,,,catshaiyayy,corrikopat,,,,MBMagnet
,,Daggeratx,Fil_the_Dude,AccomplishedLaw7411,,cheddarcheesechips,dameofthedungeon,,,SenseiPepsi,lynxeffectting,,,,beatlesoceanchild
,,PastaiDiCicciano,theShadome,LeifyTiggersson,,Starcatmeow,s4lchow,,,Kasilyn13,speedwellxhawkbit,,,,iq10000000
,,controversy_noodles,n-INTJ-a,PickleStriking,,vashonnn,leeeeesl,,,bootrick,CfShow,,,,christianjbrdfrd
,,Gogo_McSprinkles,hillel800,t2ki,,Xenozelom,covid-comorbidity,,,CallMeMae,hello-hangul,,,,
,,richterite,always_the_next_step,thicchamster,,oishk,Ssjleek,,,Tank_Grill,____okay,,,,
,,That-Crab1,Dere_lict,ViridianSurfer,,Satan-o-saurus,asdfghjkl2333,,,pricepig,bakedpotatos136,,,,
,,AlicetheTechNerd,Julius-x-Caesar,Bandit263,,eggerygracery,ZeeZombiie,,,wwtwmd,TheLastRomanticSvr87,,,,
,,Edomawadagbon,Yllarius,mredgecock,,amiklanto,piyuko,,,DiablosVert,Usernamemeh,,,,
,,Zazhowell,Many_Tax_2860,default-username-546,,buddhistbulgyo,intpainisreal,,,thofummiie,IdunnowhoIamlmao,,,,
,,thinkdot_,BArrowsmith0702,AJacent000,,Mysticism1,cwbrandsma,,,ajaltman17,NeTi_moms_sphaghetti,,,,
,,swarlypants,senpaidaddyfather,Equilibrium-constant,,Treasures_Wonderland,Claytonbigsbys,,,BBallAnimator,JuniperKomaeda,,,,
,,PurpleRose328,gr13fy,shy_locked,,lvnarfang,-Agilities,,,imhappy_andIknow_it,aciddroppingcow,,,,
,,MrRavenist,Neptune_cj,erojerisiz,,Xwellcomics,chookity_pokpok,,,Puzzleheaded_Win5970,dapolite,,,,
,,hakaseran,TheChickenMan2,jasznur,,kyakpa,DonkeySkin334,,,jinx_bassilia,ConfusionDOCTOR,,,,
,,mental_barf,Taylan_K,_so_anyways_,,Gracefulcomet,CalSlater,,,Lemohn_,grnshoes,,,,
,,Medieval_Maniac1066,xmasterofgreatnessx,KarlTheKiller_Gamer,,Key-Environment-7649,duncanmcaree,,,alovethyme,776f6c66,,,,
,,bendka0403,PandoraNyx,amarygang420,,EconomistObjective18,Mydigo,,,HizzyII,soclere,,,,
,,aveumir,theascendedcarrot,HaloGate,,GolfCartKiller,parrety,,,chameleonkit,ladysorrows,,,,
,,IamFJay,wutututusefa,SundownShiningIn,,PJozi,Burnt_the_rice,,,Careless-Highway6539,JuniorFrostbite,,,,
,,jakeshmag,Walterwayne,LittleShrike,,Healthem,wt_anonymous,,,ocks_,amirtheweeb,,,,
,,InsertBeforeFlights,ksjsksksk,painki11erzx,,InfantSkywalker,BluudLust,,,Doll-on-a-Music-Box,MNC05,,,,
,,a-p-o-c-a-l-y-p-s-e,99power,missthickums24,,melanieinfp,Research_Interesting,,,mangosyrups,HungryGeorge1917,,,,
,,squeezycakes18,miniuniverse1,ravenigma,,EtherealBlueNightSky,chillynarwhal,,,Blackgirlwanders,Frandicterus,,,,
,,Ironwolf9876,GodOfLegoStarWars,seattleross,,aeiaeiaeiaeiaeiaei,Soft_Abbreviations_1,,,patakku,SphincteralAperture,,,,
,,MrLittleJohn-Playz,headoutofspace,Spaceactin,,iniuria_palace,Small-Cactus,,,CuPc8K3,S8tans_Offspring,,,,
,,cucumberhateaccount,Black_Creative,TheHatterOfTheMadnes,,spxtrick,yeetedyeets,,,i_am_not_a_cool_girl,ExaminationSharp9002,,,,
,,RSdabeast,Zarkan,yorozuya_haise,,Indigo_Aesthetic,tom_burk,,,SanaulFTW,MarshallsNuts,,,,
,,spostabe,gonidii,jordansky-fishburg,,flyjet777,GregHolmesMD,,,FalsettoChild,DontDmMePicsOfPizza,,,,
,,hanks58,sadchalupa,sehrconfusion,,daisy48189,lonesocksss,,,OptimalExplanation,jped,,,,
,,Bwehsis,A-bomb_44,k_a_t_h,,Friends_With_Fins,illuminatipr,,,rorv,anishsv,,,,
,,Hudsonnn_,electric_bro,501student,,wLuccido,nibbas-in-pajamas,,,muhtada287,the_xntp,,,,
,,Protein_and_Vinyl,ACE_C0ND0R,RedSF717,,prince_bubble,fizikz3,,,captainpain13,MidnightColors,,,,
,,espresso_first,friend_shaped,Arcanisia,,dubheasa_,lapseritu,,,ChemicalCat6,Aqusopia,,,,
,,DragonBadboy,gempilot,Zoomers972,,Naprawda,hemingwaey,,,ApatheticSpaceFox,maxorama,,,,
,,uht_ceare,bootyisnicey,kitsunetosou,,alien_alice,ufuj123,,,casteelbrianna2002,No_Matter_6640,,,,
,,adresaper,MischieviousOne,yeetyeetyeet360,,the-god-theseus,henkdepotvjis,,,Gordon_Bird,KuraidoSenpai,,,,
,,_Valid_99,makhno621,Mandeezkid,,IllustratorNo1298,thepessimisticone,,,elohel_lol,litletrickster,,,,
,,Denixen1,aimbert,MoesEye,,scrambled-eggs03,cmacdc12,,,Maintenancepotato_,saidthesped,,,,
,,The-true-Memelord,rg-graphene,nyeus,,Cob_Goblet,middle-earth1ing,,,vivienne85,Invisible_man_2060,,,,
,,Silly_Club1847,gwynwas,FreakingTea,,nonamebrandpancakes,Asocial_Stoner,,,woodenpenny,VerumJerum,,,,
,,pfaennchen24,ShasLa40,Petty_Fap,,hatiphnatus,Shadow796,,,Jelly_Melon,Raidropn,,,,
,,TheGreat_gabby,inept_introvert,clintwoodtp84,,patrycjajend,qwertyelna,,,verosof,ByronsLastStand,,,,
,,Straight-Screen-9780,Sean16178,Sauc3_Boss,,palmdownmassage,erudaru,,,StarBean2,shouldicallumista,,,,
,,anon69000uhoh,Dewymaster,dumplingdarrylsauce,,fractalove,audriuska12,,,little_jimmy_jackson,LiberianPrinc,,,,
,,broody-moonchild,NicoDeAngelo,DTR987,,MellowGuru,ebolaRETURNS,,,Cgboy11,blackl0tus_,,,,
,,sister_golden_hair_,darthraider520,mmm99_,,nomnomcat17,KryssLaz,,,profileT19,AshlynMarieHehe,,,,
,,Mahfuz684,NHArts,azurestratos,,PoetryDivided,Hybrid_Spektar,,,SiriusBark,falecf4,,,,
,,indecent_tHug,booszhius,42069aabb,,Jonners22,indie_rok_kid,,,shamalamazon,ununiqueusername2,,,,
,,imnotanamericanidiot,Frostea78,gnmelyfe,,Anna45554,Fr0sticon,,,rvi857,ResidentIdaKozuke,,,,
,,midnightzonejpg,natsuyakinnie,TwilightSeraphinite,,denebalphacygni,A9th,,,PugsAndPuns,MishaKorol,,,,
,,taepitur,Heavy-Perspective-92,Diabolic765,,Flying_Submarine_,goutte,,,lcarpetrondookmeriet,naraaa26,,,,
,,TransportationOk2505,flaim,,,TapiocaTuesday,JMedT,,,Fun-Carpenter8923,Jaluzi123,,,,
,,CommercialProperty62,_LMN8R_,,,m_name_Pickle_jeff,deathbutton1,,,TMIbruh,furdecimbit,,,,
,,--Gingersnap--,AnrySawyer45,,,blink18666,Mandelbrotxx8,,,Convexreflection,kd97ggn,,,,
,,lindsrae,sgatsiii,,,Topinski,_Fatalchemist_,,,Hugh_Jazz_123,gookspooked,,,,
,,senjougahara_simp,lozcww,,,WarsawRepublic,ceramicbeaver,,,blood_dea,legit-spinner,,,,
,,Madeliefier,Ri0tGear,,,MoonXj9,Titty_McButtfuck,,,Shrek-Me-Daddy,ChikaraGuY,,,,
,,Karuboo,Twitcheep,,,Papila67,LizyLazy,,,h4very,blorgush-splorgin,,,,
,,SuicidalSmoke,joshd523,,,Rodolfo20,morlansictorrent,,,thelambentlight,Toxic_ambrosia,,,,
,,frog-wizard,catchpen,,,stfuandkissmyturtle,chaos_connector,,,uswahhhh,onbius,,,,
,,FruitPoopLoops,TinkCzru,,,Spankmesirrrr,Blaze0205,,,WhatsGoingggOn,he_do_be_fresh_doe,,,,
,,seldomcomer,PorkNails,,,Ashlala13,vhshal,,,DoubleAgent36,KnightDuty,,,,
,,Vixxie_,mikey10006,,,Castramia,MoistenedCovering,,,Jihlk,shupaoasado,,,,
,,NF_Cassandra,Waltex,,,Just_One_Umami,Rythco,,,LindyLovesLipstick,blackdeath1278,,,,
,,eliseaaron,TheRawtones,,,Hashira_Haori,LittleRodent,,,BoxOfDOG,SadBagpipe,,,,
,,Emwat1024,klinpo,,,_leaveMealone__,raintoonboid,,,Wolf_Spider420,HazelMania,,,,
,,xinmae,thatsuicidalguy,,,Imnotsure12345,Picea_abies2,,,Zember1,Urom99,,,,
,,soyIatte,justaregularguy044,,,ae_liz,wndrz,,,bresters,doloboi,,,,
,,CoconutMacaroons,INTJ_takes_a_nap,,,-_Megumin_-,iambertan,,,booknerd1705,StabbingToLife,,,,
,,PintToLine,Wittenbeast,,,Primedot,SpinDatPringles,,,mollyblf5,clo_rm,,,,
,,KetoPixie,nomnabaach,,,Polar_Bear_The_34th,Duck_With_A_Chainsaw,,,ChandlerCPrice,fullmooninu,,,,
,,Qstikk,anon10AD,,,l8p_95,QwertyGee,,,Red_Panda_Seven,hardcore_carboard,,,,
,,Hydreigon12,philosopherlogic,,,aiko-rin,hamkx,,,PsychoNinjas,ENTPreneurship,,,,
,,NoobTushar,Ducor227,,,the_naive_kid,EpsindeiFekari,,,AnnyuiN,Got_Nay,,,,
,,HANDSOME_RHYS,edgy-thot,,,w0ndwerw0man,Nearby_Wall9463,,,tpye,KingOfKingOfKings,,,,
,,cocasoula,popeofblack,,,Forsaken-Alternative,AleshaMerry,,,koya_beans,Bumpy_Nugget,,,,
,,1daysmart_1daydumb,chumboy,,,IceFl4re,stupidmoth_,,,Working_Access,Goggle-Perspective,,,,
,,Ena_le_Dudeman,Knightsabez,,,LoremIpsum248,mzsizzle,,,178391,cheesengrits69,,,,
,,romancethebrideall,N0rthWind,,,stemcellPSC,_moyannaise,,,bruhtastic_bruh,SombraRanma,,,,
,,Neurodegenerate321,salemandsleep,,,commentalcase,dweird1inartclass,,,neske036,Castlng,,,,
,,callicocallie,jeddthedoge,,,lillafriday,Meezor,,,-ethereality-,lucifer_0915,,,,
,,TheGuytotheRightofU,Ahily5,,,Nero04587,Winterstripe,,,deeyaanaa,really_very_yes,,,,
,,allisonmfitness,gazethemaze,,,cutekindcoconut,JawaKawaYawa,,,Rotten_Esky,islndr1987,,,,
,,elixirs-28,DespacitoPrime,,,giraffe-iguess,MN_Ecila_NM,,,alphajohnsonchad69,TheCoolCandy,,,,
,,Rayne-Mustang,The_Lucky_7,,,SuckerFor_Sweets,Thepokerguru,,,chocolateyan,starry_Moonlit_night,,,,
,,ScaredPersimmon,spiffariffic,,,Hopandream,SombreLook,,,theCoolestBeanio,radioactive_stardust,,,,
,,hatkids,Dont_Bogart_that,,,random_processor,CyberTutu,,,Khandawg666,MonkeBetterThanYou,,,,
,,AnastasiaApple,Cja021994,,,westwoo,denierCZ,,,ArchonRajelo,gabrielissohot,,,,
,,Antisocial_Deviant,ex-machina616,,,Kolourmari,Anarch-ish,,,Other_Broccoli,nbave03,,,,
,,ludkiller,SansSlut,,,In-Kii,HatThe2ndOne,,,PatrickRanjan,Kroyerplays,,,,
,,MuffinPuff,Adolf_son,,,kyle_ieee,MostMasterpiece7,,,Uesugi_Kenshin,SkinnedShrimp,,,,
,,aniii101,MartholomewMind,,,Zalrotel,R-Sci-701,,,tinyigluu,CupNoodleRPGs,,,,
,,edgy_eggplant,BitterCandies,,,autumn_aurora,mformelancholy,,,cleighr,Helymore,,,,
,,riversmoke,420_Watermellon_69,,,KC14,julio31p,,,ledeledeledeledele,shampoo_bottles,,,,
,,skylarpilot47,Omni314,,,enterrrthevoiddd,YouAreRiddikulus,,,catherinesung,TheRealCrazyKingBest,,,,
,,sucito,ujasd8731ejksc0n32cq,,,EstablishmentFit7226,satans_grandpa,,,whitetigers1,strugglingsapien,,,,
,,cutting_board17,moistytoenails,,,Trumaaan,enrcz,,,StripRip,Magestic-sloth,,,,
,,mountainman84,81hsh,,,kohinoorshr,k_nic_30,,,Gestice,GrowingToad,,,,
,,InfiniteWonderer8,Odin460xvr,,,xierra156,Jack_the_Ridley,,,DiscombobulatedTap14,wickedvision,,,,
,,RinCris,ENFJ-fan,,,mothravioli,sananesananelan,,,a_bitch_on_a_mission,frostebeard,,,,
,,muddy120,d-wale,,,kaya-sukhs,laveases,,,REVENAUT13,2dayroad,,,,
,,ayush414,JenniSpoke,,,moosamihran10,Solenya-C137,,,plssirmayihavesmore,VousMintriguez,,,,
,,Mank15,Aggravating-Success3,,,chellecakes,_that_dam_baka_,,,tinkerv25,A-t-r-o-x,,,,
,,im_sanely,Sanatlas,,,m_vanilly,eyeseuu,,,auto_alice3,savagesamy,,,,
,,littledreamer01,uniquechild21,,,CheerfullRaspberry,SyndromeOp,,,geojane666,S_Louis,,,,
,,AlwaysInThought,AnnaLookingforGlow,,,Chocolates1Fudge,Ph3n0lphthalein,,,Alley-Oub,kkbodz17,,,,
,,alwaysdoneswiftly,valerioPo,,,Samoreij,jensenw,,,Rusiano,Uscay,,,,
,,TrixyRAM,redeugene99,,,Spacefrog2000,indiebat,,,Dr3am5tep,stepifan,,,,
,,hm5219,rommelbartommel,,,Totalfriedchicken,PlumpPlatypus,,,vfxswagg,itsbecca,,,,
,,CloudWatcher610,Monster__,,,DepressedVenom,WeirdWeeb_2008,,,API-Beast,giosaraiv,,,,
,,Coloratura1987,lansszilt,,,sagethesadist,ExtremeSkyStyle,,,Titankarma,BeatsbyCossack,,,,
,,Bruce_Lee98,Amyloidosis-0,,,curdibane,melifaro_hs,,,cosmic_cat_art,sithdude24,,,,
,,NajaRastahl,anotherbutterflyacc,,,sovenus,xmaranha,,,skydust0,SaturnsRep,,,,
,,j0hnnieboy,stanskzuretard,,,SoulOfABird,RivalMyDesign,,,lycka7,danielamaghini,,,,
,,commonsenseless_,JagZag16,,,helveon,yousawnothing7303,,,Metrolonx,lilipadss,,,,
,,hairspray3000,pitcrawler,,,abriloncha,xCryptoidx,,,ninnuh,InnocenceProvesNothg,,,,
,,Victoria19744,dontworryaboutsunami,,,Kun__,ChaiTK,,,ImagineBagginz,Born_Director_1340,,,,
,,Oninonenbutsu,iSoul101,,,Zephyrroth,chickn00dlesoup,,,SparklyRiceCooker,Qubefish,,,,
,,Reeeltalk,FadCap,,,Skye-DragonGirl,aquavenus222,,,eire_dan00,running_in_the_rain,,,,
,,igloosiowata,paratyp,,,TexAssassin124,hortanica,,,k_yuna,_init3,,,,
,,joker38,FieryFennec,,,ilikewaffles_7,MilkingChicken,,,Unwelly,Acrobatic_Resolve_96,,,,
,,RunninThruTheWoods,bring_back_my_tardis,,,_sweet_and_salty_gal,yafanon,,,No-Introduction-2050,happycoconutt,,,,
,,CatsRuleTheMoon,WeakerUnderFlow,,,Jeroati,Ohayogozu,,,muchclever,passionroot,,,,
,,IllegitimatePigeon,TheStrangeDarkOne,,,ECLIPSEDWINGS,BeanRub,,,stretch727er,Erigey,,,,
,,sardonic_flare,cosmo_polite,,,ChickenTrick,yikeroniandcheese,,,CynerLeo,Nat_1_IRL,,,,
,,Sdesser,IChugAntiFreeze,,,BedtimeRushHottie,pigeonscansuckit,,,YoursExistentially,disirregardless1734,,,,
,,Tabramp,CircadianRadian,,,Lavion3,TheCopperCog,,,chroniclerivantes,Mina3103,,,,
,,TK4442,thatHermitGirl,,,floofy1,notdeepee,,,,JerichoRomulus,,,,
,,Lunatic_Blue2468,limeconnoisseur,,,i-wrote-this-for-you,ExistentialYurt,,,,BallinPoint,,,,
,,Peripeteia2020,themantidman,,,PerryThePlatypus10,idan_zamir,,,,monkeyandfinn,,,,
,,bullsfan0494,obscelo,,,airesiss,Please_Explain56,,,,548662,,,,
,,whipperslacker,handofking,,,UmbrellaAndCurtains,Sphalorite,,,,jorgeuhs,,,,
,,malachai926,Sumanth_kr_ThirtyTwo,,,RedPotatoe23,SHGIVECODWW2INFECTED,,,,DullWaltz4,,,,
,,Kevinnchenn,ParanoidAndroid10101,,,ArtemisCaresTooMuch,kingabzpro,,,,loeffelhaeuptling,,,,
,,BohemianSunset,KuriousKhemicals,,,idonotknoedewae,Existing_Imagination,,,,Zwik_Im_back,,,,
,,Soul_M,Austonian17,,,infp-mbti,M0J0144,,,,Djames425,,,,
,,bohdan_lev,pj134,,,Balala11,Sartou_J,,,,,,,,
,,Josh_man_54,rencatrk,,,TOI-700-d,tihero,,,,,,,,
,,ALes03,Bl4ckb100d,,,flygons,Pen54321,,,,,,,,
,,jj5green20,_Go_With_Gusto_,,,noahomg,Nightey3s-,,,,,,,,
,,Billybeanist,melissa_april,,,neurobookworm,kr4zy_8,,,,,,,,
,,Atsena,xermo,,,_actonbell,asecuredlife,,,,,,,,
,,supermario4ever,Aluminyx,,,jimmyjimmyjonga,dottree,,,,,,,,
,,Frenchiest_fry101,despondentpianist,,,fierypunkd,Dearmira,,,,,,,,
,,mellamolassiter,Kayrim_Borlan,,,curi_killed_kitty,quickfiery,,,,,,,,
,,,Lifeshardbutimharder,,,Curiousnot,la_bavure,,,,,,,,
,,,Bob1232111,,,allyourcatsarebases,CND_77,,,,,,,,
,,,clarenceappendix,,,luciya555,pixiepotjov,,,,,,,,
,,,-lunara-,,,LDRflipside,FroggyKing22,,,,,,,,
,,,Intanjible,,,Sandboxgamer240,Karl180,,,,,,,,
,,,milfdestroyer777,,,misvisende,Epoh9,,,,,,,,
,,,brianwantsblood,,,shygrl4lyf,LXIX_CDXX_,,,,,,,,
,,,AccomplishedJacket9,,,Suntinlibrovitae,chaoticneutraltea,,,,,,,,
,,,CriticalCubing,,,LizzoJizzo,Conscious1133,,,,,,,,
,,,Any-Fox-9615,,,lonely_wiseblood,daju_l,,,,,,,,
,,,lovestar28,,,crypticlown,Arylcyclosexy,,,,,,,,
,,,LordGhoul,,,jkauffee,MWVaughn,,,,,,,,
,,,Urania_ripheus94,,,Sixseasonsandanellie,marashell,,,,,,,,
,,,EponaDraws,,,fireblade95,ParadiseDecoy,,,,,,,,
,,,Foreign_History,,,Arrsenale,dumitch,,,,,,,,
,,,JaesenMoreaux,,,InitialDragonfruit79,Kreeplix,,,,,,,,
,,,Marxounet,,,epicTr33,iaparis,,,,,,,,
,,,Jessi_Knows,,,Yinna91,Cinnnnamonroll,,,,,,,,
,,,Slapmeheathcliff,,,TheBabyBlueSedan,toliveagain55,,,,,,,,
,,,Jackmoment,,,butterflymcdoom,bradeblo,,,,,,,,
,,,bocker58,,,indicarunningclub,ImonOniat,,,,,,,,
,,,SecondaryAccount1920,,,DerMitDemLangenNamen,PreXisioN,,,,,,,,
,,,BalartPeru,,,Sathvika129,GoryGent,,,,,,,,
,,,Jfalk517,,,_Rhakasha_,_erau_,,,,,,,,
,,,Usual-Zucchini-4175,,,Flannelle,netfan25,,,,,,,,
,,,aspienginger,,,Ascension_Sickness,laurakuki,,,,,,,,
,,,gogurtluvr,,,fl0werh0ur,exemptionlife,,,,,,,,
,,,Amhara1,,,dazzlewazz,Nightwalker796,,,,,,,,
,,,rikari14,,,thesadlilbean,ArateshaNungastori,,,,,,,,
,,,nice_soap,,,humblepie8,KheyasDev,,,,,,,,
,,,hp_sarin,,,BoilingKettle,pokemyiris,,,,,,,,
,,,Jimmy_Spics,,,,stp5917,,,,,,,,
,,,truniqid,,,,Riverrdog,,,,,,,,
,,,unnecessary_evil,,,,justAnotherUser2k,,,,,,,,
,,,Ra505,,,,RandomRapier,,,,,,,,
,,,targayenprincess,,,,A_sad_ravioli,,,,,,,,
,,,himpaler,,,,zarbod,,,,,,,,
,,,expiredbagels,,,,Fucking_Prussia,,,,,,,,
,,,ParadigmMatrix,,,,imaweasleyw,,,,,,,,
,,,Oflameo,,,,AllTh1ngsAreONE,,,,,,,,
,,,geekybash,,,,rainercarr,,,,,,,,
,,,starswirls_planet,,,,ThatRandomBrownGuy,,,,,,,,
,,,amber2023,,,,flashpaka,,,,,,,,
,,,anonymousnobody123,,,,Nakioyh,,,,,,,,
,,,yahweheternal,,,,ademeulemeester,,,,,,,,
,,,Selfish-Cat,,,,neurofortune,,,,,,,,
,,,SJMM1989,,,,nitrohelix1,,,,,,,,
,,,rkratha,,,,RoR14,,,,,,,,
,,,Notseed,,,,Outsider1412,,,,,,,,
,,,im_batgirl14,,,,sakuragasaki46,,,,,,,,
,,,twilightivity,,,,Panonymous_Bloom,,,,,,,,
,,,cuppa-confusion,,,,Bjebsys,,,,,,,,
,,,sleepymaryy,,,,WritingIvy,,,,,,,,
,,,SpecialSeasons,,,,Chairkage,,,,,,,,
,,,tiredqueenbee,,,,FXGIO,,,,,,,,
,,,TigreDemon,,,,AntennaA,,,,,,,,
,,,Spirited_Sentence_34,,,,Polyunsaturated-Fats,,,,,,,,
,,,JohocatN,,,,TetrisPhantom,,,,,,,,
,,,Fearfulbot,,,,JackJack65,,,,,,,,
,,,Quartersharp,,,,I-Broke-My-Old-Phone,,,,,,,,
,,,Rickmiranda99,,,,Dekat55,,,,,,,,
,,,nut_conspiracy_nut,,,,Samssd2003,,,,,,,,
,,,kineticwonders,,,,jnut96,,,,,,,,
,,,Rosebeforelows,,,,criptixo,,,,,,,,
,,,messiahbastard,,,,_CarbonBasedLifeForm,,,,,,,,
,,,mementovmori,,,,Reverical,,,,,,,,
,,,StarcScr3am_,,,,Lightweaver0,,,,,,,,
,,,mosaichuu,,,,Erno0o,,,,,,,,
,,,authi_25,,,,MajorDemonDisorder,,,,,,,,
,,,GlassInfluence0,,,,asra_ivey,,,,,,,,
,,,karmaggi,,,,operatingsys2016,,,,,,,,
,,,Traditional_Surround,,,,chima1021,,,,,,,,
,,,lnrdtx_msndrstd_guy,,,,LuiGonGt,,,,,,,,
,,,Hazardh_,,,,unknowngir1,,,,,,,,
,,,I_found_BACON,,,,stulew,,,,,,,,
,,,Pixelprinzess,,,,fcerq,,,,,,,,
,,,ItsOnlyMe__,,,,spar3tir3,,,,,,,,
,,,1stE_74,,,,bluerbnd,,,,,,,,
,,,clarcat,,,,jojo_spoon,,,,,,,,
,,,Icolyclast,,,,jesuslovesmeme,,,,,,,,
,,,Inamate,,,,itaytu115,,,,,,,,
,,,sulit04,,,,CinemaSpinach,,,,,,,,
,,,thinkingcore,,,,TyCooper2010,,,,,,,,
,,,apr79nt,,,,Blerandyyy,,,,,,,,
,,,IamTJcon,,,,Alcya,,,,,,,,
,,,rRenn,,,,UnforeseenDerailment,,,,,,,,
,,,majorvex,,,,naka2531,,,,,,,,
,,,Wendolenn,,,,Kos-2211,,,,,,,,
,,,steffimark,,,,memeaholicFridge,,,,,,,,
,,,McDonaldsGene,,,,EUROBEAT12,,,,,,,,
,,,,,,,DayPixelGamer,,,,,,,,
,,,,,,,DrunkSpiderMan,,,,,,,,
,,,,,,,novahcaine,,,,,,,,
,,,,,,,cykabythebook,,,,,,,,
,,,,,,,iamastaple,,,,,,,,
,,,,,,,dudebr05,,,,,,,,
,,,,,,,AreYouSureHe,,,,,,,,
,,,,,,,5minusone,,,,,,,,
,,,,,,,Metariaz,,,,,,,,
,,,,,,,szarvacskaYT,,,,,,,,
,,,,,,,googleyfroogley,,,,,,,,
,,,,,,,Blitzmulthe,,,,,,,,
,,,,,,,n1ght-monkey,,,,,,,,
,,,,,,,ivanjean,,,,,,,,
,,,,,,,Ultrafrost-,,,,,,,,
,,,,,,,distracted-noodle,,,,,,,,
,,,,,,,And_Justice,,,,,,,,
,,,,,,,GarbageDolly,,,,,,,,
,,,,,,,beachhouseLA,,,,,,,,
,,,,,,,dannydevitOwO,,,,,,,,
,,,,,,,Leonader9001,,,,,,,,
,,,,,,,mad-fickle,,,,,,,,
,,,,,,,Spectrum1000,,,,,,,,
,,,,,,,c0smic4ngel,,,,,,,,
,,,,,,,Ryanmcl19,,,,,,,,
,,,,,,,Jonnyo1999,,,,,,,,
,,,,,,,angelbaby420x,,,,,,,,
,,,,,,,Rando_Calrissiano,,,,,,,,
,,,,,,,taeryxx,,,,,,,,
,,,,,,,tomjazzy,,,,,,,,
,,,,,,,ilomaphys,,,,,,,,
,,,,,,,Kaiservooly,,,,,,,,
,,,,,,,Stoopidintp,,,,,,,,
,,,,,,,hachiman1234567890,,,,,,,,
,,,,,,,MrPhantom71,,,,,,,,
,,,,,,,Efecto_Vogel,,,,,,,,
,,,,,,,SurrenderRules,,,,,,,,
,,,,,,,ElyssaFlaherty,,,,,,,,
,,,,,,,Half-blood_fish,,,,,,,,
,,,,,,,LawlessMind,,,,,,,,
,,,,,,,Freebie_Chixy,,,,,,,,
,,,,,,,im_a_killa,,,,,,,,
,,,,,,,placemat24,,,,,,,,
,,,,,,,Coochiespiders,,,,,,,,
,,,,,,,HiddenHopeGD,,,,,,,,
,,,,,,,GPSleadingMeToACliff,,,,,,,,
,,,,,,,bellyjoegstring,,,,,,,,
,,,,,,,gogopiwertangers,,,,,,,,
,,,,,,,Viki713Gaming,,,,,,,,
,,,,,,,MarasmicX,,,,,,,,
,,,,,,,bitcoin2121,,,,,,,,
,,,,,,,Lovis_R,,,,,,,,
,,,,,,,Bananza954,,,,,,,,
,,,,,,,luxusarc,,,,,,,,
,,,,,,,quabop,,,,,,,,
,,,,,,,Crafty_Cell_4395,,,,,,,,
,,,,,,,SnooMacaroons8696,,,,,,,,
,,,,,,,SoulAlchemy,,,,,,,,
,,,,,,,shotonce,,,,,,,,
,,,,,,,SpeckofAtoms,,,,,,,,
,,,,,,,t_r01,,,,,,,,
,,,,,,,johnslegers,,,,,,,,
,,,,,,,jordansky-fishburg,,,,,,,,
,,,,,,,m1serable,,,,,,,,
,,,,,,,i_win_u_know,,,,,,,,
,,,,,,,Dianatrix,,,,,,,,
,,,,,,,issaishaaasingh,,,,,,,,
,,,,,,,Children_dying,,,,,,,,
,,,,,,,Barry_Carter,,,,,,,,
,,,,,,,nonmaxlife,,,,,,,,
,,,,,,,CivilChaos,,,,,,,,
,,,,,,,Broad_Ad5559,,,,,,,,
,,,,,,,epsilon9993,,,,,,,,
,,,,,,,AudaxYT,,,,,,,,
,,,,,,,dotieeeee,,,,,,,,
,,,,,,,ElegantAnalysis,,,,,,,,
,,,,,,,vampboy01,,,,,,,,
,,,,,,,crimsoncold,,,,,,,,
,,,,,,,surviving2020barely,,,,,,,,
,,,,,,,Lemerelis,,,,,,,,
,,,,,,,GazeInside,,,,,,,,
,,,,,,,Brooke2002___,,,,,,,,
,,,,,,,AutisticHistoryLover,,,,,,,,
,,,,,,,Mousse-Silly,,,,,,,,
,,,,,,,lexstle,,,,,,,,
,,,,,,,_Tadpole,,,,,,,,
,,,,,,,SaltedDicks,,,,,,,,
,,,,,,,jaccon999,,,,,,,,
,,,,,,,-mr-_-robot-,,,,,,,,
,,,,,,,pooptoothpaste,,,,,,,,
,,,,,,,Fawers,,,,,,,,
,,,,,,,Bror321,,,,,,,,
,,,,,,,DrunkBamboo,,,,,,,,
,,,,,,,_dark__heart__,,,,,,,,
,,,,,,,lordlicorice1977,,,,,,,,
,,,,,,,Veleda390,,,,,,,,
,,,,,,,Nintara,,,,,,,,
,,,,,,,PoolSharkPete,,,,,,,,
,,,,,,,Hot-Cricket-1761,,,,,,,,
,,,,,,,Bekebuu,,,,,,,,
,,,,,,,justgiorgia,,,,,,,,
,,,,,,,floralkmn,,,,,,,,
,,,,,,,ShlomoCh,,,,,,,,
,,,,,,,obelixthegaul,,,,,,,,
,,,,,,,not_bEn268,,,,,,,,
,,,,,,,theshyintrovert,,,,,,,,
,,,,,,,vaggos13579,,,,,,,,
,,,,,,,Due_Orange,,,,,,,,
